INSERT INTO AUTHOR(Author_ID, Author_Name) VALUES (6857602245445800006, 'Chip Dawes');
INSERT INTO AUTHOR(Author_ID, Author_Name) VALUES (2389193775119506187, 'Biju Thomas');
INSERT INTO AUTHOR(Author_ID, Author_Name) VALUES (8046906240178857498, 'Doug Stuns');
INSERT INTO AUTHOR(Author_ID, Author_Name) VALUES (8200078773939012280, 'Matthew Weishan');
INSERT INTO AUTHOR(Author_ID, Author_Name) VALUES (1849088367528521382, 'Joseph C. Johnson');
INSERT INTO AUTHOR(Author_ID, Author_Name) VALUES (1332110707708700753, 'Brian Knight');
INSERT INTO AUTHOR(Author_ID, Author_Name) VALUES (9146045171583996127, 'Ralph Kimball');
INSERT INTO AUTHOR(Author_ID, Author_Name) VALUES (4910043542060337575, 'Margy Ross');
INSERT INTO AUTHOR(Author_ID, Author_Name) VALUES (1204100719627197229, 'Bill Mann');
INSERT INTO AUTHOR(Author_ID, Author_Name) VALUES (9130168783305351344, 'Ian H. Witten');
INSERT INTO AUTHOR(Author_ID, Author_Name) VALUES (717809319354620124, 'Eibe Frank');
INSERT INTO AUTHOR(Author_ID, Author_Name) VALUES (5264214104381661216, 'Robert D. Schmidt');
INSERT INTO AUTHOR(Author_ID, Author_Name) VALUES (5326505564923293796, 'Ken Henderson');
INSERT INTO AUTHOR(Author_ID, Author_Name) VALUES (5692787947684304539, 'Paul Litwin');
INSERT INTO AUTHOR(Author_ID, Author_Name) VALUES (3870326759249937127, 'Ken Getz');
INSERT INTO AUTHOR(Author_ID, Author_Name) VALUES (8252728933931488704, 'Mike Gunderloy');
INSERT INTO AUTHOR(Author_ID, Author_Name) VALUES (8991949035882729643, 'Ben Forta');
INSERT INTO AUTHOR(Author_ID, Author_Name) VALUES (2760566472307639291, 'Nate Weiss');
INSERT INTO AUTHOR(Author_ID, Author_Name) VALUES (8732117203213056800, 'Leon Chalnick');
INSERT INTO AUTHOR(Author_ID, Author_Name) VALUES (1174906617175607369, 'Angela C. Buraglia');
INSERT INTO AUTHOR(Author_ID, Author_Name) VALUES (3768765280717729777, 'Ramez A. Elmasri');
INSERT INTO AUTHOR(Author_ID, Author_Name) VALUES (7415557514595900071, 'Shamkant B. Navathe');
INSERT INTO AUTHOR(Author_ID, Author_Name) VALUES (11813867597086300, 'Rob Vieira');
INSERT INTO AUTHOR(Author_ID, Author_Name) VALUES (5279616597061022345, 'Paul DuBois');
INSERT INTO AUTHOR(Author_ID, Author_Name) VALUES (853935763053005098, 'Laurell K. Hamilton ');
INSERT INTO AUTHOR(Author_ID, Author_Name) VALUES (7637285507645436307, 'Sue Monk Kidd');
INSERT INTO AUTHOR(Author_ID, Author_Name) VALUES (6499794236915261680, 'Tara Calishain');
INSERT INTO AUTHOR(Author_ID, Author_Name) VALUES (2695527764044358764, 'Rael Dornfest');
INSERT INTO AUTHOR(Author_ID, Author_Name) VALUES (3552751055762526299, 'Jay P. Decima ');
INSERT INTO AUTHOR(Author_ID, Author_Name) VALUES (212259595512586712, 'Wladyslaw Szpilman');
INSERT INTO AUTHOR(Author_ID, Author_Name) VALUES (4531063594422413292, 'Roma Ligocka');
INSERT INTO AUTHOR(Author_ID, Author_Name) VALUES (4098918036716802957, 'Michael Cunningham');
INSERT INTO AUTHOR(Author_ID, Author_Name) VALUES (3421831413917492951, 'Larry Bossidy');
INSERT INTO AUTHOR(Author_ID, Author_Name) VALUES (5138466052986823507, 'Ram Charan');
INSERT INTO AUTHOR(Author_ID, Author_Name) VALUES (3478069232161465670, 'Charles Burck');
INSERT INTO AUTHOR(Author_ID, Author_Name) VALUES (6006439737148002688, 'James Patterson');
INSERT INTO AUTHOR(Author_ID, Author_Name) VALUES (8778461654560788292, 'Andrew Gross');
INSERT INTO AUTHOR(Author_ID, Author_Name) VALUES (3484523372536208659, 'Jeffery Deaver');
INSERT INTO AUTHOR(Author_ID, Author_Name) VALUES (947058714818269676, 'Jacquelyn Mitchard');
INSERT INTO AUTHOR(Author_ID, Author_Name) VALUES (5398944120113349022, 'Patrick Lencioni');
INSERT INTO AUTHOR(Author_ID, Author_Name) VALUES (1683100127075069743, 'Mary Higgins Clark');
INSERT INTO AUTHOR(Author_ID, Author_Name) VALUES (4380025516070153994, 'Dee Henderson');
INSERT INTO AUTHOR(Author_ID, Author_Name) VALUES (4253258599437956953, 'Ann Patchett');
INSERT INTO AUTHOR(Author_ID, Author_Name) VALUES (6466715138806543398, 'Karen Marie Moning');
INSERT INTO AUTHOR(Author_ID, Author_Name) VALUES (1118264261209451637, 'Suzanne Brockmann');
INSERT INTO AUTHOR(Author_ID, Author_Name) VALUES (4323007146341873074, 'Steven Pinker');
INSERT INTO AUTHOR(Author_ID, Author_Name) VALUES (2017956439507728758, 'Albert-L szl¢ Barab si ');
INSERT INTO AUTHOR(Author_ID, Author_Name) VALUES (8848283483606564661, 'Edward Osborne Wilson ');
INSERT INTO AUTHOR(Author_ID, Author_Name) VALUES (273486934305132086, 'Stephen Wolfram ');
INSERT INTO AUTHOR(Author_ID, Author_Name) VALUES (228269585591312170, 'Harold McGee');
INSERT INTO AUTHOR(Author_ID, Author_Name) VALUES (108195886688663302, 'Francis D. K. Ching');
INSERT INTO AUTHOR(Author_ID, Author_Name) VALUES (7138487978893571398, 'Cassandra Adams');
INSERT INTO AUTHOR(Author_ID, Author_Name) VALUES (5467277736179484571, 'Virginia McAlester');
INSERT INTO AUTHOR(Author_ID, Author_Name) VALUES (8018763387634752578, 'Lee McAlester');
INSERT INTO AUTHOR(Author_ID, Author_Name) VALUES (4301418701202500914, 'Bryan Burkhart');
INSERT INTO AUTHOR(Author_ID, Author_Name) VALUES (3114650915323865303, 'Allison Arieff');
INSERT INTO AUTHOR(Author_ID, Author_Name) VALUES (2512506138131306155, 'Ralph R. Kylloe ');
INSERT INTO AUTHOR(Author_ID, Author_Name) VALUES (5178689743388409895, 'Leslie Plummer Clagett ');
INSERT INTO AUTHOR(Author_ID, Author_Name) VALUES (6046070053776324705, 'Gerard Gefen');
INSERT INTO AUTHOR(Author_ID, Author_Name) VALUES (7184900391788203990, 'Christine Bastin');
INSERT INTO AUTHOR(Author_ID, Author_Name) VALUES (6503823760744538805, 'Jacques Evrard');
INSERT INTO AUTHOR(Author_ID, Author_Name) VALUES (8657636111495673544, 'Donald Kaufman');
INSERT INTO AUTHOR(Author_ID, Author_Name) VALUES (2374624291187145275, 'Taffy Dahl');
INSERT INTO AUTHOR(Author_ID, Author_Name) VALUES (7505212933053672539, 'Laurel Graeber');
INSERT INTO AUTHOR(Author_ID, Author_Name) VALUES (7919357225519255915, 'Tina Freeman ');
INSERT INTO AUTHOR(Author_ID, Author_Name) VALUES (4228337587713041155, 'Simon Benninga, Benjamin Czaczkes ');
INSERT INTO AUTHOR(Author_ID, Author_Name) VALUES (4815465533255441349, 'Mark Grinblatt');
INSERT INTO AUTHOR(Author_ID, Author_Name) VALUES (2272060634560311780, 'Sheridan Titman');
INSERT INTO AUTHOR(Author_ID, Author_Name) VALUES (8256773494438683634, 'Robert C. Higgins ');
INSERT INTO AUTHOR(Author_ID, Author_Name) VALUES (2369502167834961645, 'Paul Marcus Fischer');
INSERT INTO AUTHOR(Author_ID, Author_Name) VALUES (8542694483878277499, 'William James Taylor');
INSERT INTO AUTHOR(Author_ID, Author_Name) VALUES (1207062317573208418, 'Rita Hartung Cheng');
INSERT INTO AUTHOR(Author_ID, Author_Name) VALUES (1604405368350220438, 'Donald E. Kieso');
INSERT INTO AUTHOR(Author_ID, Author_Name) VALUES (4954810114638026184, 'Jerry J. Weygandt');
INSERT INTO AUTHOR(Author_ID, Author_Name) VALUES (7316590365967886013, 'Terry D. Warfield');
INSERT INTO AUTHOR(Author_ID, Author_Name) VALUES (6362011688709140407, 'Lawrence Revsine');
INSERT INTO AUTHOR(Author_ID, Author_Name) VALUES (3497057249532716311, 'Daniel W. Collins');
INSERT INTO AUTHOR(Author_ID, Author_Name) VALUES (9081146208528151386, 'W. Bruce Johnson');
INSERT INTO AUTHOR(Author_ID, Author_Name) VALUES (1717912358864977886, 'Nicholas Sparks ');
INSERT INTO AUTHOR(Author_ID, Author_Name) VALUES (4782301172782385556, 'Mary Higgins Clark ');
INSERT INTO AUTHOR(Author_ID, Author_Name) VALUES (5929588514362588192, 'Don DeLillo');
INSERT INTO AUTHOR(Author_ID, Author_Name) VALUES (4961378431089623865, 'Stephen King');
INSERT INTO AUTHOR(Author_ID, Author_Name) VALUES (8691627953477612463, 'Mark Z. Danielewski ');
INSERT INTO AUTHOR(Author_ID, Author_Name) VALUES (8384420404826841269, 'Michael Romkey ');
INSERT INTO AUTHOR(Author_ID, Author_Name) VALUES (2022869745933043721, 'Chuck Palahniuk ');
INSERT INTO AUTHOR(Author_ID, Author_Name) VALUES (5186849455810694779, 'Matthew Delaney');
INSERT INTO AUTHOR(Author_ID, Author_Name) VALUES (3505006677956354237, 'Bernie Wrightson');
INSERT INTO AUTHOR(Author_ID, Author_Name) VALUES (8601769410482660099, 'Stephen King ');
INSERT INTO AUTHOR(Author_ID, Author_Name) VALUES (5177060763745267538, 'Don DeLillo ');
INSERT INTO AUTHOR(Author_ID, Author_Name) VALUES (3063810979774737978, 'Ann Patchett ');
INSERT INTO AUTHOR(Author_ID, Author_Name) VALUES (655632325758087345, 'Steven Pinker ');
INSERT INTO AUTHOR(Author_ID, Author_Name) VALUES (7476930065393605544, 'Simon Benninga ');
INSERT INTO AUTHOR(Author_ID, Author_Name) VALUES (409611798589715723, 'Jeffrey M. Wooldridge ');
INSERT INTO AUTHOR(Author_ID, Author_Name) VALUES (4166813996312655168, 'Steven J. Root ');
INSERT INTO AUTHOR(Author_ID, Author_Name) VALUES (8757384724989978536, 'Ken Coffman ');
INSERT INTO AUTHOR(Author_ID, Author_Name) VALUES (2382613136015176675, 'Gerald Carter ');
INSERT INTO AUTHOR(Author_ID, Author_Name) VALUES (8531702572388619992, 'Scott Kelby ');
INSERT INTO AUTHOR(Author_ID, Author_Name) VALUES (5712611837111403767, 'B. J. Fogg ');
INSERT INTO AUTHOR(Author_ID, Author_Name) VALUES (2251145420616329909, 'Michael Meyers ');
INSERT INTO AUTHOR(Author_ID, Author_Name) VALUES (2406337454971069342, 'Carl Sagan ');
INSERT INTO AUTHOR(Author_ID, Author_Name) VALUES (7761711731125811767, 'Alice Sebold ');
INSERT INTO AUTHOR(Author_ID, Author_Name) VALUES (6545636998044143440, 'Alice Sebold');
INSERT INTO AUTHOR(Author_ID, Author_Name) VALUES (5892171750770295055, 'Ian McEwan ');
INSERT INTO AUTHOR(Author_ID, Author_Name) VALUES (7726266652283796628, 'Nora Roberts ');
INSERT INTO AUTHOR(Author_ID, Author_Name) VALUES (2314369432982892002, 'Andy Rae ');
INSERT INTO AUTHOR(Author_ID, Author_Name) VALUES (8782482189599432517, 'Joseph Truini ');
INSERT INTO AUTHOR(Author_ID, Author_Name) VALUES (2095997248725403128, 'Terry Pratchett');
INSERT INTO PUBLISHER(Publisher_ID, Publisher_Name) VALUES (337131862783993396, 'Sybex');
INSERT INTO PUBLISHER(Publisher_ID, Publisher_Name) VALUES (3027848622074876091, 'McGraw-Hill Osborne Media');
INSERT INTO PUBLISHER(Publisher_ID, Publisher_Name) VALUES (3439881233591264731, 'John Wiley & Sons');
INSERT INTO PUBLISHER(Publisher_ID, Publisher_Name) VALUES (2243236316025870938, 'Morgan Kaufmann');
INSERT INTO PUBLISHER(Publisher_ID, Publisher_Name) VALUES (464921454945437020, 'Schmidt Ink, Inc.');
INSERT INTO PUBLISHER(Publisher_ID, Publisher_Name) VALUES (8127869461963461135, 'Addison-Wesley Pub Co');
INSERT INTO PUBLISHER(Publisher_ID, Publisher_Name) VALUES (2432182826903597066, 'Macromedia Press');
INSERT INTO PUBLISHER(Publisher_ID, Publisher_Name) VALUES (4370615091135484742, 'Addison-Wesley Publishing');
INSERT INTO PUBLISHER(Publisher_ID, Publisher_Name) VALUES (5794649517797135214, 'Wrox Press Inc');
INSERT INTO PUBLISHER(Publisher_ID, Publisher_Name) VALUES (927736361327298238, 'Berkley Pub Group');
INSERT INTO PUBLISHER(Publisher_ID, Publisher_Name) VALUES (5810325509206190917, 'Penguin USA ');
INSERT INTO PUBLISHER(Publisher_ID, Publisher_Name) VALUES (3542151329169545692, 'O''Reilly & Associates');
INSERT INTO PUBLISHER(Publisher_ID, Publisher_Name) VALUES (2934311264840089864, 'McGraw-Hill Trade');
INSERT INTO PUBLISHER(Publisher_ID, Publisher_Name) VALUES (3909798720485322943, 'Picador');
INSERT INTO PUBLISHER(Publisher_ID, Publisher_Name) VALUES (7870268443696752733, 'St. Martin''s Press');
INSERT INTO PUBLISHER(Publisher_ID, Publisher_Name) VALUES (6458339471537872800, 'Crown Pub');
INSERT INTO PUBLISHER(Publisher_ID, Publisher_Name) VALUES (1161997574204168229, 'Little Brown & Company');
INSERT INTO PUBLISHER(Publisher_ID, Publisher_Name) VALUES (7150931384677274566, 'Simon & Schuster');
INSERT INTO PUBLISHER(Publisher_ID, Publisher_Name) VALUES (6684410384685610659, 'HarperCollins');
INSERT INTO PUBLISHER(Publisher_ID, Publisher_Name) VALUES (3337628780292333353, 'Jossey-Bass');
INSERT INTO PUBLISHER(Publisher_ID, Publisher_Name) VALUES (1593352266332767965, 'Multnomah Publishers Inc.');
INSERT INTO PUBLISHER(Publisher_ID, Publisher_Name) VALUES (75703090956082572, 'Perennial');
INSERT INTO PUBLISHER(Publisher_ID, Publisher_Name) VALUES (5429601804922490314, 'Dell Pub Co');
INSERT INTO PUBLISHER(Publisher_ID, Publisher_Name) VALUES (8123381668438272071, 'Harlequin');
INSERT INTO PUBLISHER(Publisher_ID, Publisher_Name) VALUES (803103690963041597, 'Viking Press');
INSERT INTO PUBLISHER(Publisher_ID, Publisher_Name) VALUES (3135563945965968281, 'Perseus Publishing');
INSERT INTO PUBLISHER(Publisher_ID, Publisher_Name) VALUES (7847536025532487135, 'Random House');
INSERT INTO PUBLISHER(Publisher_ID, Publisher_Name) VALUES (6666330366938678093, 'Knopf');
INSERT INTO PUBLISHER(Publisher_ID, Publisher_Name) VALUES (5079478693743163061, 'Wolfram Media, Inc.');
INSERT INTO PUBLISHER(Publisher_ID, Publisher_Name) VALUES (1244715378058032804, 'Fireside');
INSERT INTO PUBLISHER(Publisher_ID, Publisher_Name) VALUES (1458054533018435910, 'Random House Trade Paperbacks');
INSERT INTO PUBLISHER(Publisher_ID, Publisher_Name) VALUES (5539343556041138915, 'Gibbs Smith Publisher');
INSERT INTO PUBLISHER(Publisher_ID, Publisher_Name) VALUES (5226208966941457999, 'Taunton Pr');
INSERT INTO PUBLISHER(Publisher_ID, Publisher_Name) VALUES (6965465678674570723, 'Vendome Pr');
INSERT INTO PUBLISHER(Publisher_ID, Publisher_Name) VALUES (6994220105083838596, 'Clarkson N. Potter');
INSERT INTO PUBLISHER(Publisher_ID, Publisher_Name) VALUES (4313718271570930081, 'MIT Press');
INSERT INTO PUBLISHER(Publisher_ID, Publisher_Name) VALUES (3032324392808068254, 'McGraw-Hill/Irwin');
INSERT INTO PUBLISHER(Publisher_ID, Publisher_Name) VALUES (3516588797058842130, 'South-Western College Pub');
INSERT INTO PUBLISHER(Publisher_ID, Publisher_Name) VALUES (5447175003772192876, 'Prentice Hall');
INSERT INTO PUBLISHER(Publisher_ID, Publisher_Name) VALUES (5916839337556433305, 'Warner Books');
INSERT INTO PUBLISHER(Publisher_ID, Publisher_Name) VALUES (1817611268985946161, 'Scribner');
INSERT INTO PUBLISHER(Publisher_ID, Publisher_Name) VALUES (2574361877476092017, 'Pocket Books');
INSERT INTO PUBLISHER(Publisher_ID, Publisher_Name) VALUES (6792624170178627718, 'Pantheon Books');
INSERT INTO PUBLISHER(Publisher_ID, Publisher_Name) VALUES (8046448130357823589, 'Del Rey');
INSERT INTO PUBLISHER(Publisher_ID, Publisher_Name) VALUES (4445992005331816949, 'Doubleday');
INSERT INTO PUBLISHER(Publisher_ID, Publisher_Name) VALUES (7383587994079388229, 'Donald M. Grant Publisher, Inc.');
INSERT INTO PUBLISHER(Publisher_ID, Publisher_Name) VALUES (9013992887285970700, 'Vintage Books');
INSERT INTO PUBLISHER(Publisher_ID, Publisher_Name) VALUES (6794861470554199358, 'Scribner Paperback Fiction');
INSERT INTO PUBLISHER(Publisher_ID, Publisher_Name) VALUES (2913056461256160271, 'Harvest Books');
INSERT INTO PUBLISHER(Publisher_ID, Publisher_Name) VALUES (7233718962646155482, 'Harperperennial Library');
INSERT INTO PUBLISHER(Publisher_ID, Publisher_Name) VALUES (3566569228839474273, 'W.W. Norton & Company');
INSERT INTO PUBLISHER(Publisher_ID, Publisher_Name) VALUES (4904014550452663084, 'Harvard Univ Pr');
INSERT INTO PUBLISHER(Publisher_ID, Publisher_Name) VALUES (5103673284274071418, 'Prentice Hall PTR');
INSERT INTO PUBLISHER(Publisher_ID, Publisher_Name) VALUES (6450473074904308462, 'New Riders Publishing');
INSERT INTO PUBLISHER(Publisher_ID, Publisher_Name) VALUES (549620077567015760, 'Ballantine Books ');
INSERT INTO PUBLISHER(Publisher_ID, Publisher_Name) VALUES (5619708102827224416, 'Ballantine Books');
INSERT INTO PUBLISHER(Publisher_ID, Publisher_Name) VALUES (3744743802619924724, 'Back Bay Books');
INSERT INTO PUBLISHER(Publisher_ID, Publisher_Name) VALUES (4966917354614566296, 'Anchor Books');
INSERT INTO PUBLISHER(Publisher_ID, Publisher_Name) VALUES (3875407453632054461, 'Putnam Pub Group');
INSERT INTO PUBLISHER(Publisher_ID, Publisher_Name) VALUES (4097079826296424997, 'Silhouette');
INSERT INTO PUBLISHER(Publisher_ID, Publisher_Name) VALUES (286642000460171931, 'Lark Books');
INSERT INTO PUBLISHER(Publisher_ID, Publisher_Name) VALUES (8112881375800442547, 'Harper');
INSERT INTO WAREHOUSE(Warehouse_No, Total_Books, Address) VALUES (1, 0, '123 Malibu Lane, Los Angeles, CA 11108');
INSERT INTO PRODUCT(Item_Number, Warehouse_No, Transaction_ID, Price, Product_Type) VALUES ('0782140661', 1, '', 104.97, 'Computer');
INSERT INTO PRODUCT(Item_Number, Warehouse_No, Transaction_ID, Price, Product_Type) VALUES ('0072227885', 1, '', 34.99, 'Computer');
INSERT INTO PRODUCT(Item_Number, Warehouse_No, Transaction_ID, Price, Product_Type) VALUES ('0471200247', 1, '', 50.00, 'Computer');
INSERT INTO PRODUCT(Item_Number, Warehouse_No, Transaction_ID, Price, Product_Type) VALUES ('0072227710', 1, '', 17.49, 'Computer');
INSERT INTO PRODUCT(Item_Number, Warehouse_No, Transaction_ID, Price, Product_Type) VALUES ('1558605525', 1, '', 49.95, 'Computer');
INSERT INTO PRODUCT(Item_Number, Warehouse_No, Transaction_ID, Price, Product_Type) VALUES ('0972263608', 1, '', 99.00, 'Computer');
INSERT INTO PRODUCT(Item_Number, Warehouse_No, Transaction_ID, Price, Product_Type) VALUES ('0201615762', 1, '', 38.49, 'Computer');
INSERT INTO PRODUCT(Item_Number, Warehouse_No, Transaction_ID, Price, Product_Type) VALUES ('0782140114', 1, '', 69.99, 'Computer');
INSERT INTO PRODUCT(Item_Number, Warehouse_No, Transaction_ID, Price, Product_Type) VALUES ('0321125169', 1, '', 38.49, 'Computer');
INSERT INTO PRODUCT(Item_Number, Warehouse_No, Transaction_ID, Price, Product_Type) VALUES ('0805317554', 1, '', 95.00, 'Computer');
INSERT INTO PRODUCT(Item_Number, Warehouse_No, Transaction_ID, Price, Product_Type) VALUES ('1861004486', 1, '', 41.99, 'Computer');
INSERT INTO PRODUCT(Item_Number, Warehouse_No, Transaction_ID, Price, Product_Type) VALUES ('0735712123', 1, '', 34.99, 'Computer');
INSERT INTO PRODUCT(Item_Number, Warehouse_No, Transaction_ID, Price, Product_Type) VALUES ('0425188361', 1, '', 16.07, 'Literature & Fiction');
INSERT INTO PRODUCT(Item_Number, Warehouse_No, Transaction_ID, Price, Product_Type) VALUES ('0142001740', 1, '', 14.00, 'Literature & Fiction');
INSERT INTO PRODUCT(Item_Number, Warehouse_No, Transaction_ID, Price, Product_Type) VALUES ('0596004478', 1, '', 24.95, 'Computer');
INSERT INTO PRODUCT(Item_Number, Warehouse_No, Transaction_ID, Price, Product_Type) VALUES ('0071414339', 1, '', 18.95, 'Accounting & Finance');
INSERT INTO PRODUCT(Item_Number, Warehouse_No, Transaction_ID, Price, Product_Type) VALUES ('0312311354', 1, '', 13.00, 'Literature & Fiction');
INSERT INTO PRODUCT(Item_Number, Warehouse_No, Transaction_ID, Price, Product_Type) VALUES ('0312287941', 1, '', 25.95, 'Literature & Fiction');
INSERT INTO PRODUCT(Item_Number, Warehouse_No, Transaction_ID, Price, Product_Type) VALUES ('0312243022', 1, '', 3.44, 'Literature & Fiction');
INSERT INTO PRODUCT(Item_Number, Warehouse_No, Transaction_ID, Price, Product_Type) VALUES ('0609610570', 1, '', 27.50, 'Reference');
INSERT INTO PRODUCT(Item_Number, Warehouse_No, Transaction_ID, Price, Product_Type) VALUES ('0316602051', 1, '', 27.95, 'Literature & Fiction');
INSERT INTO PRODUCT(Item_Number, Warehouse_No, Transaction_ID, Price, Product_Type) VALUES ('0743222008', 1, '', 25.00, 'Literature & Fiction');
INSERT INTO PRODUCT(Item_Number, Warehouse_No, Transaction_ID, Price, Product_Type) VALUES ('0066214750', 1, '', 25.95, 'Literature & Fiction');
INSERT INTO PRODUCT(Item_Number, Warehouse_No, Transaction_ID, Price, Product_Type) VALUES ('0787960756', 1, '', 13.20, 'Accounting & Finance');
INSERT INTO PRODUCT(Item_Number, Warehouse_No, Transaction_ID, Price, Product_Type) VALUES ('0743206061', 1, '', 26.00, 'Accounting & Finance');
INSERT INTO PRODUCT(Item_Number, Warehouse_No, Transaction_ID, Price, Product_Type) VALUES ('1590520734', 1, '', 12.99, 'Romance');
INSERT INTO PRODUCT(Item_Number, Warehouse_No, Transaction_ID, Price, Product_Type) VALUES ('0060934417', 1, '', 13.95, 'Romance');
INSERT INTO PRODUCT(Item_Number, Warehouse_No, Transaction_ID, Price, Product_Type) VALUES ('0440237556', 1, '', 6.99, 'Romance');
INSERT INTO PRODUCT(Item_Number, Warehouse_No, Transaction_ID, Price, Product_Type) VALUES ('0373272839', 1, '', 4.75, 'Romance');
INSERT INTO PRODUCT(Item_Number, Warehouse_No, Transaction_ID, Price, Product_Type) VALUES ('0670031518', 1, '', 27.95, 'Science');
INSERT INTO PRODUCT(Item_Number, Warehouse_No, Transaction_ID, Price, Product_Type) VALUES ('0738206679', 1, '', 26.00, 'Science');
INSERT INTO PRODUCT(Item_Number, Warehouse_No, Transaction_ID, Price, Product_Type) VALUES ('067976867X', 1, '', 15.00, 'Science');
INSERT INTO PRODUCT(Item_Number, Warehouse_No, Transaction_ID, Price, Product_Type) VALUES ('0679450785', 1, '', 22.00, 'Science');
INSERT INTO PRODUCT(Item_Number, Warehouse_No, Transaction_ID, Price, Product_Type) VALUES ('1579550088', 1, '', 44.95, 'Science');
INSERT INTO PRODUCT(Item_Number, Warehouse_No, Transaction_ID, Price, Product_Type) VALUES ('0684843285', 1, '', 22.00, 'Science');
INSERT INTO PRODUCT(Item_Number, Warehouse_No, Transaction_ID, Price, Product_Type) VALUES ('0471358983', 1, '', 40.00, 'Home Design');
INSERT INTO PRODUCT(Item_Number, Warehouse_No, Transaction_ID, Price, Product_Type) VALUES ('0394739698', 1, '', 24.95, 'Home Design');
INSERT INTO PRODUCT(Item_Number, Warehouse_No, Transaction_ID, Price, Product_Type) VALUES ('1586851322', 1, '', 39.95, 'Home Design');
INSERT INTO PRODUCT(Item_Number, Warehouse_No, Transaction_ID, Price, Product_Type) VALUES ('1586851357', 1, '', 60.00, 'Home Design');
INSERT INTO PRODUCT(Item_Number, Warehouse_No, Transaction_ID, Price, Product_Type) VALUES ('156158648X', 1, '', 24.95, 'Home Design');
INSERT INTO PRODUCT(Item_Number, Warehouse_No, Transaction_ID, Price, Product_Type) VALUES ('0865659982', 1, '', 50.00, 'Home Design');
INSERT INTO PRODUCT(Item_Number, Warehouse_No, Transaction_ID, Price, Product_Type) VALUES ('0517576600', 1, '', 50.00, 'Home Design');
INSERT INTO PRODUCT(Item_Number, Warehouse_No, Transaction_ID, Price, Product_Type) VALUES ('0262024829', 1, '', 70.00, 'Accounting & Finance');
INSERT INTO PRODUCT(Item_Number, Warehouse_No, Transaction_ID, Price, Product_Type) VALUES ('0072294337', 1, '', 122.50, 'Accounting & Finance');
INSERT INTO PRODUCT(Item_Number, Warehouse_No, Transaction_ID, Price, Product_Type) VALUES ('0072315318', 1, '', 79.20, 'Accounting & Finance');
INSERT INTO PRODUCT(Item_Number, Warehouse_No, Transaction_ID, Price, Product_Type) VALUES ('0324107501', 1, '', 112.95, 'Accounting & Finance');
INSERT INTO PRODUCT(Item_Number, Warehouse_No, Transaction_ID, Price, Product_Type) VALUES ('0471363049', 1, '', 139.20, 'Accounting & Finance');
INSERT INTO PRODUCT(Item_Number, Warehouse_No, Transaction_ID, Price, Product_Type) VALUES ('0130323519', 1, '', 126.67, 'Accounting & Finance');
INSERT INTO PRODUCT(Item_Number, Warehouse_No, Transaction_ID, Price, Product_Type) VALUES ('0446527793', 1, '', 24.95, 'Literature & Fiction');
INSERT INTO PRODUCT(Item_Number, Warehouse_No, Transaction_ID, Price, Product_Type) VALUES ('0743244249', 1, '', 25.00, 'Literature & Fiction');
INSERT INTO PRODUCT(Item_Number, Warehouse_No, Transaction_ID, Price, Product_Type) VALUES ('0743467523', 1, '', 7.99, 'Horror');
INSERT INTO PRODUCT(Item_Number, Warehouse_No, Transaction_ID, Price, Product_Type) VALUES ('0375703764', 1, '', 19.95, 'Horror');
INSERT INTO PRODUCT(Item_Number, Warehouse_No, Transaction_ID, Price, Product_Type) VALUES ('0345452089', 1, '', 6.99, 'Horror');
INSERT INTO PRODUCT(Item_Number, Warehouse_No, Transaction_ID, Price, Product_Type) VALUES ('0385504470', 1, '', 17.47, 'Horror');
INSERT INTO PRODUCT(Item_Number, Warehouse_No, Transaction_ID, Price, Product_Type) VALUES ('0312276702', 1, '', 24.95, 'Horror');
INSERT INTO PRODUCT(Item_Number, Warehouse_No, Transaction_ID, Price, Product_Type) VALUES ('0743457358', 1, '', 7.99, 'Horror');
INSERT INTO PRODUCT(Item_Number, Warehouse_No, Transaction_ID, Price, Product_Type) VALUES ('1880418568', 1, '', 35.00, 'Horror');
INSERT INTO PRODUCT(Item_Number, Warehouse_No, Transaction_ID, Price, Product_Type) VALUES ('0743455967', 1, '', 7.99, 'Horror');
INSERT INTO PRODUCT(Item_Number, Warehouse_No, Transaction_ID, Price, Product_Type) VALUES ('0140077022', 1, '', 14.00, 'Literature & Fiction');
INSERT INTO PRODUCT(Item_Number, Warehouse_No, Transaction_ID, Price, Product_Type) VALUES ('0679722955', 1, '', 11.20, 'Literature & Fiction');
INSERT INTO PRODUCT(Item_Number, Warehouse_No, Transaction_ID, Price, Product_Type) VALUES ('0684848155', 1, '', 16.00, 'Literature & Fiction');
INSERT INTO PRODUCT(Item_Number, Warehouse_No, Transaction_ID, Price, Product_Type) VALUES ('0471286168', 1, '', 39.95, 'Home Design');
INSERT INTO PRODUCT(Item_Number, Warehouse_No, Transaction_ID, Price, Product_Type) VALUES ('0471288217', 1, '', 39.95, 'Home Design');
INSERT INTO PRODUCT(Item_Number, Warehouse_No, Transaction_ID, Price, Product_Type) VALUES ('0156006219', 1, '', 13.00, 'Romance');
INSERT INTO PRODUCT(Item_Number, Warehouse_No, Transaction_ID, Price, Product_Type) VALUES ('0060540753', 1, '', 13.95, 'Romance');
INSERT INTO PRODUCT(Item_Number, Warehouse_No, Transaction_ID, Price, Product_Type) VALUES ('0393318486', 1, '', 17.95, 'Science');
INSERT INTO PRODUCT(Item_Number, Warehouse_No, Transaction_ID, Price, Product_Type) VALUES ('0060958332', 1, '', 10.50, 'Science');
INSERT INTO PRODUCT(Item_Number, Warehouse_No, Transaction_ID, Price, Product_Type) VALUES ('0060958405', 1, '', 15.00, 'Science');
INSERT INTO PRODUCT(Item_Number, Warehouse_No, Transaction_ID, Price, Product_Type) VALUES ('0393319407', 1, '', 16.95, 'Science');
INSERT INTO PRODUCT(Item_Number, Warehouse_No, Transaction_ID, Price, Product_Type) VALUES ('067463442X', 1, '', 18.95, 'Science');
INSERT INTO PRODUCT(Item_Number, Warehouse_No, Transaction_ID, Price, Product_Type) VALUES ('0446608955', 1, '', 6.99, 'Literature & Fiction');
INSERT INTO PRODUCT(Item_Number, Warehouse_No, Transaction_ID, Price, Product_Type) VALUES ('0446676098', 1, '', 12.95, 'Literature & Fiction');
INSERT INTO PRODUCT(Item_Number, Warehouse_No, Transaction_ID, Price, Product_Type) VALUES ('0446606812', 1, '', 7.50, 'Literature & Fiction');
INSERT INTO PRODUCT(Item_Number, Warehouse_No, Transaction_ID, Price, Product_Type) VALUES ('0262521415', 1, '', 35.00, 'Accounting & Finance');
INSERT INTO PRODUCT(Item_Number, Warehouse_No, Transaction_ID, Price, Product_Type) VALUES ('0262232197', 1, '', 74.95, 'Accounting & Finance');
INSERT INTO PRODUCT(Item_Number, Warehouse_No, Transaction_ID, Price, Product_Type) VALUES ('0324113641', 1, '', 107.95, 'Accounting & Finance');
INSERT INTO PRODUCT(Item_Number, Warehouse_No, Transaction_ID, Price, Product_Type) VALUES ('0471391123', 1, '', 50.00, 'Accounting & Finance');
INSERT INTO PRODUCT(Item_Number, Warehouse_No, Transaction_ID, Price, Product_Type) VALUES ('0130998516', 1, '', 83.00, 'Computer');
INSERT INTO PRODUCT(Item_Number, Warehouse_No, Transaction_ID, Price, Product_Type) VALUES ('1565924916', 1, '', 39.95, 'Computer');
INSERT INTO PRODUCT(Item_Number, Warehouse_No, Transaction_ID, Price, Product_Type) VALUES ('0735712360', 1, '', 39.99, 'Computer');
INSERT INTO PRODUCT(Item_Number, Warehouse_No, Transaction_ID, Price, Product_Type) VALUES ('0735712379', 1, '', 39.99, 'Computer');
INSERT INTO PRODUCT(Item_Number, Warehouse_No, Transaction_ID, Price, Product_Type) VALUES ('0735713170', 1, '', 29.99, 'Computer');
INSERT INTO PRODUCT(Item_Number, Warehouse_No, Transaction_ID, Price, Product_Type) VALUES ('1558606432', 1, '', 34.95, 'Computer');
INSERT INTO PRODUCT(Item_Number, Warehouse_No, Transaction_ID, Price, Product_Type) VALUES ('0072222743', 1, '', 59.99, 'Computer');
INSERT INTO PRODUCT(Item_Number, Warehouse_No, Transaction_ID, Price, Product_Type) VALUES ('0345409469', 1, '', 14.95, 'Science');
INSERT INTO PRODUCT(Item_Number, Warehouse_No, Transaction_ID, Price, Product_Type) VALUES ('0375508325', 1, '', 35.00, 'Science');
INSERT INTO PRODUCT(Item_Number, Warehouse_No, Transaction_ID, Price, Product_Type) VALUES ('0345336895', 1, '', 6.99, 'Science');
INSERT INTO PRODUCT(Item_Number, Warehouse_No, Transaction_ID, Price, Product_Type) VALUES ('0671004107', 1, '', 7.99, 'Science');
INSERT INTO PRODUCT(Item_Number, Warehouse_No, Transaction_ID, Price, Product_Type) VALUES ('0345376595', 1, '', 12.95, 'Science');
INSERT INTO PRODUCT(Item_Number, Warehouse_No, Transaction_ID, Price, Product_Type) VALUES ('0316666343', 1, '', 21.95, 'Literature & Fiction');
INSERT INTO PRODUCT(Item_Number, Warehouse_No, Transaction_ID, Price, Product_Type) VALUES ('0316096199', 1, '', 11.95, 'Literature & Fiction');
INSERT INTO PRODUCT(Item_Number, Warehouse_No, Transaction_ID, Price, Product_Type) VALUES ('038572179X', 1, '', 14.00, 'Literature & Fiction');
INSERT INTO PRODUCT(Item_Number, Warehouse_No, Transaction_ID, Price, Product_Type) VALUES ('0385494246', 1, '', 12.00, 'Literature & Fiction');
INSERT INTO PRODUCT(Item_Number, Warehouse_No, Transaction_ID, Price, Product_Type) VALUES ('0385494327', 1, '', 14.00, 'Literature & Fiction');
INSERT INTO PRODUCT(Item_Number, Warehouse_No, Transaction_ID, Price, Product_Type) VALUES ('0385494149', 1, '', 13.00, 'Literature & Fiction');
INSERT INTO PRODUCT(Item_Number, Warehouse_No, Transaction_ID, Price, Product_Type) VALUES ('0399149848', 1, '', 25.95, 'Literature & Fiction');
INSERT INTO PRODUCT(Item_Number, Warehouse_No, Transaction_ID, Price, Product_Type) VALUES ('0373218192', 1, '', 7.50, 'Literature & Fiction');
INSERT INTO PRODUCT(Item_Number, Warehouse_No, Transaction_ID, Price, Product_Type) VALUES ('0373218257', 1, '', 14.95, 'Literature & Fiction');
INSERT INTO PRODUCT(Item_Number, Warehouse_No, Transaction_ID, Price, Product_Type) VALUES ('0399149392', 1, '', 25.95, 'Literature & Fiction');
INSERT INTO PRODUCT(Item_Number, Warehouse_No, Transaction_ID, Price, Product_Type) VALUES ('1561584029', 1, '', 39.95, 'Home Design');
INSERT INTO PRODUCT(Item_Number, Warehouse_No, Transaction_ID, Price, Product_Type) VALUES ('1579902944', 1, '', 19.95, 'Home Design');
INSERT INTO PRODUCT(Item_Number, Warehouse_No, Transaction_ID, Price, Product_Type) VALUES ('1561586196', 1, '', 19.95, 'Home Design');
INSERT INTO PRODUCT(Item_Number, Warehouse_No, Transaction_ID, Price, Product_Type) VALUES ('0061092177', 1, '', 7.99, 'Fantasy');
INSERT INTO PRODUCT(Item_Number, Warehouse_No, Transaction_ID, Price, Product_Type) VALUES ('0060502935', 1, '', 7.99, 'Fantasy');
INSERT INTO PRODUCT(Item_Number, Warehouse_No, Transaction_ID, Price, Product_Type) VALUES ('0061020656', 1, '', 7.99, 'Fantasy');
INSERT INTO PRODUCT(Item_Number, Warehouse_No, Transaction_ID, Price, Product_Type) VALUES ('0060855925', 1, '', 13.99, 'Fantasy');
INSERT INTO PRODUCT(Item_Number, Warehouse_No, Transaction_ID, Price, Product_Type) VALUES ('0061020648', 1, '', 7.99, 'Fantasy');
INSERT INTO PRODUCT(Item_Number, Warehouse_No, Transaction_ID, Price, Product_Type) VALUES ('0061161721', 1, '', 7.99, 'Fantasy');
INSERT INTO BOOK(ISBN, Publisher_ID, Item_Number, Book_Title, Publisher, Author_ID) VALUES ('0060502935', 8112881375800442547, '0060502935', 'Going Postal', 'Harper', 2095997248725403128);
INSERT INTO BOOK(ISBN, Publisher_ID, Item_Number, Book_Title, Publisher, Author_ID) VALUES ('0060540753', 7233718962646155482, '0060540753', 'Patron Saint of Liars', 'Harperperennial Library', 3063810979774737978);
INSERT INTO BOOK(ISBN, Publisher_ID, Item_Number, Book_Title, Publisher, Author_ID) VALUES ('0060855925', 8112881375800442547, '0060855925', 'The Color of Magic', 'Harper', 2095997248725403128);
INSERT INTO BOOK(ISBN, Publisher_ID, Item_Number, Book_Title, Publisher, Author_ID) VALUES ('0060934417', 75703090956082572, '0060934417', 'Bel Canto: A Novel', 'Perennial', 4253258599437956953);
INSERT INTO BOOK(ISBN, Publisher_ID, Item_Number, Book_Title, Publisher, Author_ID) VALUES ('0060958332', 75703090956082572, '0060958332', 'The Language Instinct: How the Mind Creates Language', 'Perennial', 655632325758087345);
INSERT INTO BOOK(ISBN, Publisher_ID, Item_Number, Book_Title, Publisher, Author_ID) VALUES ('0060958405', 75703090956082572, '0060958405', 'Words and Rules: The Ingredients of Language', 'Perennial', 655632325758087345);
INSERT INTO BOOK(ISBN, Publisher_ID, Item_Number, Book_Title, Publisher, Author_ID) VALUES ('0061020648', 8112881375800442547, '0061020648', 'Guards! Guards!', 'Harper', 2095997248725403128);
INSERT INTO BOOK(ISBN, Publisher_ID, Item_Number, Book_Title, Publisher, Author_ID) VALUES ('0061020656', 8112881375800442547, '0061020656', 'Pyramids', 'Harper', 2095997248725403128);
INSERT INTO BOOK(ISBN, Publisher_ID, Item_Number, Book_Title, Publisher, Author_ID) VALUES ('0061092177', 8112881375800442547, '0061092177', 'Small Gods', 'Harper', 2095997248725403128);
INSERT INTO BOOK(ISBN, Publisher_ID, Item_Number, Book_Title, Publisher, Author_ID) VALUES ('0061161721', 8112881375800442547, '0061161721', 'Unseen Academicals', 'Harper', 2095997248725403128);
INSERT INTO BOOK(ISBN, Publisher_ID, Item_Number, Book_Title, Publisher, Author_ID) VALUES ('0066214750', 6684410384685610659, '0066214750', 'Twelve Times Blessed', 'HarperCollins', 947058714818269676);
INSERT INTO BOOK(ISBN, Publisher_ID, Item_Number, Book_Title, Publisher, Author_ID) VALUES ('0071414339', 2934311264840089864, '0071414339', 'Investing in Fixer-Uppers : A Complete Guide to Buying Low, Fixing Smart, Adding Value, and Selling (or Renting) High', 'McGraw-Hill Trade', 3552751055762526299);
INSERT INTO BOOK(ISBN, Publisher_ID, Item_Number, Book_Title, Publisher, Author_ID) VALUES ('0072222743', 3027848622074876091, '0072222743', 'A+ Certification All-in-One Exam Guide', 'McGraw-Hill Osborne Media', 2251145420616329909);
INSERT INTO BOOK(ISBN, Publisher_ID, Item_Number, Book_Title, Publisher, Author_ID) VALUES ('0072227710', 3027848622074876091, '0072227710', 'How To Do Everything with Your Tablet PC', 'McGraw-Hill Osborne Media', 1204100719627197229);
INSERT INTO BOOK(ISBN, Publisher_ID, Item_Number, Book_Title, Publisher, Author_ID) VALUES ('0072227885', 3027848622074876091, '0072227885', 'SQL Server 2000 for Experienced DBA''s', 'McGraw-Hill Osborne Media', 1332110707708700753);
INSERT INTO BOOK(ISBN, Publisher_ID, Item_Number, Book_Title, Publisher, Author_ID) VALUES ('0072294337', 3032324392808068254, '0072294337', 'Financial Markets & Corporate Strategy', 'McGraw-Hill/Irwin', 4815465533255441349);
INSERT INTO BOOK(ISBN, Publisher_ID, Item_Number, Book_Title, Publisher, Author_ID) VALUES ('0072315318', 3032324392808068254, '0072315318', 'Analysis for Financial Management', 'McGraw-Hill/Irwin', 8256773494438683634);
INSERT INTO BOOK(ISBN, Publisher_ID, Item_Number, Book_Title, Publisher, Author_ID) VALUES ('0130323519', 5447175003772192876, '0130323519', 'Financial Reporting and Analysis ', 'Prentice Hall', 6362011688709140407);
INSERT INTO BOOK(ISBN, Publisher_ID, Item_Number, Book_Title, Publisher, Author_ID) VALUES ('0130998516', 5103673284274071418, '0130998516', 'Real World FPGA Design with Verilog', 'Prentice Hall PTR', 8757384724989978536);
INSERT INTO BOOK(ISBN, Publisher_ID, Item_Number, Book_Title, Publisher, Author_ID) VALUES ('0140077022', 5810325509206190917, '0140077022', 'White Noise ', 'Penguin USA ', 5929588514362588192);
INSERT INTO BOOK(ISBN, Publisher_ID, Item_Number, Book_Title, Publisher, Author_ID) VALUES ('0142001740', 5810325509206190917, '0142001740', 'The Secret Life of Bees', 'Penguin USA ', 7637285507645436307);
INSERT INTO BOOK(ISBN, Publisher_ID, Item_Number, Book_Title, Publisher, Author_ID) VALUES ('0156006219', 2913056461256160271, '0156006219', 'The Magician''s Assistant', 'Harvest Books', 3063810979774737978);
INSERT INTO BOOK(ISBN, Publisher_ID, Item_Number, Book_Title, Publisher, Author_ID) VALUES ('0201615762', 8127869461963461135, '0201615762', 'The Guru''s Guide to Transact-SQL', 'Addison-Wesley Pub Co', 5326505564923293796);
INSERT INTO BOOK(ISBN, Publisher_ID, Item_Number, Book_Title, Publisher, Author_ID) VALUES ('0262024829', 4313718271570930081, '0262024829', 'Financial Modeling ', 'MIT Press', 4228337587713041155);
INSERT INTO BOOK(ISBN, Publisher_ID, Item_Number, Book_Title, Publisher, Author_ID) VALUES ('0262232197', 4313718271570930081, '0262232197', 'Econometric Analysis of Cross Section and Panel Data', 'MIT Press', 409611798589715723);
INSERT INTO BOOK(ISBN, Publisher_ID, Item_Number, Book_Title, Publisher, Author_ID) VALUES ('0262521415', 4313718271570930081, '0262521415', 'Numerical Techniques in Finance', 'MIT Press', 7476930065393605544);
INSERT INTO BOOK(ISBN, Publisher_ID, Item_Number, Book_Title, Publisher, Author_ID) VALUES ('0312243022', 3909798720485322943, '0312243022', 'The Hours', 'Picador', 4098918036716802957);
INSERT INTO BOOK(ISBN, Publisher_ID, Item_Number, Book_Title, Publisher, Author_ID) VALUES ('0312276702', 7870268443696752733, '0312276702', 'Jinn: A Novel', 'St. Martin''s Press', 5186849455810694779);
INSERT INTO BOOK(ISBN, Publisher_ID, Item_Number, Book_Title, Publisher, Author_ID) VALUES ('0312287941', 7870268443696752733, '0312287941', 'The Girl in the Red Coat: A Memoir', 'St. Martin''s Press', 4531063594422413292);
INSERT INTO BOOK(ISBN, Publisher_ID, Item_Number, Book_Title, Publisher, Author_ID) VALUES ('0312311354', 3909798720485322943, '0312311354', 'The Pianist', 'Picador', 212259595512586712);
INSERT INTO BOOK(ISBN, Publisher_ID, Item_Number, Book_Title, Publisher, Author_ID) VALUES ('0316096199', 3744743802619924724, '0316096199', 'Lucky: A Memoir', 'Back Bay Books', 6545636998044143440);
INSERT INTO BOOK(ISBN, Publisher_ID, Item_Number, Book_Title, Publisher, Author_ID) VALUES ('0316602051', 1161997574204168229, '0316602051', 'The Jester', 'Little Brown & Company', 6006439737148002688);
INSERT INTO BOOK(ISBN, Publisher_ID, Item_Number, Book_Title, Publisher, Author_ID) VALUES ('0316666343', 1161997574204168229, '0316666343', 'The Lovely Bones: A Novel', 'Little Brown & Company', 7761711731125811767);
INSERT INTO BOOK(ISBN, Publisher_ID, Item_Number, Book_Title, Publisher, Author_ID) VALUES ('0321125169', 2432182826903597066, '0321125169', 'ColdFusion MX Web Application Construction Kit', 'Macromedia Press', 8991949035882729643);
INSERT INTO BOOK(ISBN, Publisher_ID, Item_Number, Book_Title, Publisher, Author_ID) VALUES ('0324107501', 3516588797058842130, '0324107501', 'Advanced Accounting', 'South-Western College Pub', 2369502167834961645);
INSERT INTO BOOK(ISBN, Publisher_ID, Item_Number, Book_Title, Publisher, Author_ID) VALUES ('0324113641', 3516588797058842130, '0324113641', 'Introductory Econometrics: A Modern Approach', 'South-Western College Pub', 409611798589715723);
INSERT INTO BOOK(ISBN, Publisher_ID, Item_Number, Book_Title, Publisher, Author_ID) VALUES ('0345336895', 5619708102827224416, '0345336895', 'Broca''s Brain: Reflections on the Romance of Science', 'Ballantine Books', 2406337454971069342);
INSERT INTO BOOK(ISBN, Publisher_ID, Item_Number, Book_Title, Publisher, Author_ID) VALUES ('0345376595', 549620077567015760, '0345376595', 'Pale Blue Dot: A Vision of the Human Future in Space', 'Ballantine Books ', 2406337454971069342);
INSERT INTO BOOK(ISBN, Publisher_ID, Item_Number, Book_Title, Publisher, Author_ID) VALUES ('0345409469', 549620077567015760, '0345409469', 'The Demon-Haunted World: Science As a Candle in the Dark', 'Ballantine Books ', 2406337454971069342);
INSERT INTO BOOK(ISBN, Publisher_ID, Item_Number, Book_Title, Publisher, Author_ID) VALUES ('0345452089', 8046448130357823589, '0345452089', 'The Vampire''s Violin', 'Del Rey', 8384420404826841269);
INSERT INTO BOOK(ISBN, Publisher_ID, Item_Number, Book_Title, Publisher, Author_ID) VALUES ('0373218192', 4097079826296424997, '0373218192', 'Engaging The Enemy', 'Silhouette', 7726266652283796628);
INSERT INTO BOOK(ISBN, Publisher_ID, Item_Number, Book_Title, Publisher, Author_ID) VALUES ('0373218257', 8123381668438272071, '0373218257', 'Love By Design', 'Harlequin', 7726266652283796628);
INSERT INTO BOOK(ISBN, Publisher_ID, Item_Number, Book_Title, Publisher, Author_ID) VALUES ('0373272839', 8123381668438272071, '0373272839', 'Letters to Kelly', 'Harlequin', 1118264261209451637);
INSERT INTO BOOK(ISBN, Publisher_ID, Item_Number, Book_Title, Publisher, Author_ID) VALUES ('0375508325', 7847536025532487135, '0375508325', 'Cosmos', 'Random House', 2406337454971069342);
INSERT INTO BOOK(ISBN, Publisher_ID, Item_Number, Book_Title, Publisher, Author_ID) VALUES ('0375703764', 6792624170178627718, '0375703764', 'House of Leaves', 'Pantheon Books', 8691627953477612463);
INSERT INTO BOOK(ISBN, Publisher_ID, Item_Number, Book_Title, Publisher, Author_ID) VALUES ('0385494149', 4966917354614566296, '0385494149', 'Enduring Love', 'Anchor Books', 5892171750770295055);
INSERT INTO BOOK(ISBN, Publisher_ID, Item_Number, Book_Title, Publisher, Author_ID) VALUES ('0385494246', 4966917354614566296, '0385494246', 'Amsterdam', 'Anchor Books', 5892171750770295055);
INSERT INTO BOOK(ISBN, Publisher_ID, Item_Number, Book_Title, Publisher, Author_ID) VALUES ('0385494327', 4966917354614566296, '0385494327', 'Black Dogs', 'Anchor Books', 5892171750770295055);
INSERT INTO BOOK(ISBN, Publisher_ID, Item_Number, Book_Title, Publisher, Author_ID) VALUES ('0385504470', 4445992005331816949, '0385504470', 'Lullaby: A Novel', 'Doubleday', 2022869745933043721);
INSERT INTO BOOK(ISBN, Publisher_ID, Item_Number, Book_Title, Publisher, Author_ID) VALUES ('038572179X', 4966917354614566296, '038572179X', 'Atonement', 'Anchor Books', 5892171750770295055);
INSERT INTO BOOK(ISBN, Publisher_ID, Item_Number, Book_Title, Publisher, Author_ID) VALUES ('0393318486', 3566569228839474273, '0393318486', 'How the Mind Works', 'W.W. Norton & Company', 655632325758087345);
INSERT INTO BOOK(ISBN, Publisher_ID, Item_Number, Book_Title, Publisher, Author_ID) VALUES ('0393319407', 3566569228839474273, '0393319407', 'The Diversity of Life', 'W.W. Norton & Company', 8848283483606564661);
INSERT INTO BOOK(ISBN, Publisher_ID, Item_Number, Book_Title, Publisher, Author_ID) VALUES ('0394739698', 1458054533018435910, '0394739698', 'A Field Guide to American Houses', 'Random House Trade Paperbacks', 5467277736179484571);
INSERT INTO BOOK(ISBN, Publisher_ID, Item_Number, Book_Title, Publisher, Author_ID) VALUES ('0399149392', 3875407453632054461, '0399149392', 'Chesapeake Blue', 'Putnam Pub Group', 7726266652283796628);
INSERT INTO BOOK(ISBN, Publisher_ID, Item_Number, Book_Title, Publisher, Author_ID) VALUES ('0399149848', 3875407453632054461, '0399149848', 'Birthright', 'Putnam Pub Group', 7726266652283796628);
INSERT INTO BOOK(ISBN, Publisher_ID, Item_Number, Book_Title, Publisher, Author_ID) VALUES ('0425188361', 927736361327298238, '0425188361', 'Cerulean Sins', 'Berkley Pub Group', 853935763053005098);
INSERT INTO BOOK(ISBN, Publisher_ID, Item_Number, Book_Title, Publisher, Author_ID) VALUES ('0440237556', 5429601804922490314, '0440237556', 'The Dark Highlander', 'Dell Pub Co', 6466715138806543398);
INSERT INTO BOOK(ISBN, Publisher_ID, Item_Number, Book_Title, Publisher, Author_ID) VALUES ('0446527793', 5916839337556433305, '0446527793', 'The Guardian', 'Warner Books', 1717912358864977886);
INSERT INTO BOOK(ISBN, Publisher_ID, Item_Number, Book_Title, Publisher, Author_ID) VALUES ('0446606812', 5916839337556433305, '0446606812', 'Message in a Bottle', 'Warner Books', 1717912358864977886);
INSERT INTO BOOK(ISBN, Publisher_ID, Item_Number, Book_Title, Publisher, Author_ID) VALUES ('0446608955', 5916839337556433305, '0446608955', 'A Walk to Remember', 'Warner Books', 1717912358864977886);
INSERT INTO BOOK(ISBN, Publisher_ID, Item_Number, Book_Title, Publisher, Author_ID) VALUES ('0446676098', 5916839337556433305, '0446676098', 'The Notebook', 'Warner Books', 1717912358864977886);
INSERT INTO BOOK(ISBN, Publisher_ID, Item_Number, Book_Title, Publisher, Author_ID) VALUES ('0471200247', 3439881233591264731, '0471200247', 'The Data Warehouse Toolkit: The Complete Guide to Dimensional Modeling', 'John Wiley & Sons', 9146045171583996127);
INSERT INTO BOOK(ISBN, Publisher_ID, Item_Number, Book_Title, Publisher, Author_ID) VALUES ('0471286168', 3439881233591264731, '0471286168', 'Architecture: Form, Space, and Order', 'John Wiley & Sons', 108195886688663302);
INSERT INTO BOOK(ISBN, Publisher_ID, Item_Number, Book_Title, Publisher, Author_ID) VALUES ('0471288217', 3439881233591264731, '0471288217', 'A Visual Dictionary of Architecture', 'John Wiley & Sons', 108195886688663302);
INSERT INTO BOOK(ISBN, Publisher_ID, Item_Number, Book_Title, Publisher, Author_ID) VALUES ('0471358983', 3439881233591264731, '0471358983', 'Building Construction Illustrated', 'John Wiley & Sons', 108195886688663302);
INSERT INTO BOOK(ISBN, Publisher_ID, Item_Number, Book_Title, Publisher, Author_ID) VALUES ('0471363049', 3439881233591264731, '0471363049', 'Intermediate Accounting', 'John Wiley & Sons', 1604405368350220438);
INSERT INTO BOOK(ISBN, Publisher_ID, Item_Number, Book_Title, Publisher, Author_ID) VALUES ('0471391123', 3439881233591264731, '0471391123', 'Beyond Coso : Internal Control to Enhance Corporate Governance', 'John Wiley & Sons', 4166813996312655168);
INSERT INTO BOOK(ISBN, Publisher_ID, Item_Number, Book_Title, Publisher, Author_ID) VALUES ('0517576600', 6994220105083838596, '0517576600', 'Color: Natural Palettes for Painted Rooms', 'Clarkson N. Potter', 8657636111495673544);
INSERT INTO BOOK(ISBN, Publisher_ID, Item_Number, Book_Title, Publisher, Author_ID) VALUES ('0596004478', 3542151329169545692, '0596004478', 'Google Hacks', 'O''Reilly & Associates', 6499794236915261680);
INSERT INTO BOOK(ISBN, Publisher_ID, Item_Number, Book_Title, Publisher, Author_ID) VALUES ('0609610570', 6458339471537872800, '0609610570', 'Execution: The Discipline of Getting Things Done', 'Crown Pub', 3421831413917492951);
INSERT INTO BOOK(ISBN, Publisher_ID, Item_Number, Book_Title, Publisher, Author_ID) VALUES ('0670031518', 803103690963041597, '0670031518', 'The Blank Slate: The Modern Denial of Human Nature', 'Viking Press', 4323007146341873074);
INSERT INTO BOOK(ISBN, Publisher_ID, Item_Number, Book_Title, Publisher, Author_ID) VALUES ('0671004107', 2574361877476092017, '0671004107', 'Contact', 'Pocket Books', 2406337454971069342);
INSERT INTO BOOK(ISBN, Publisher_ID, Item_Number, Book_Title, Publisher, Author_ID) VALUES ('067463442X', 4904014550452663084, '067463442X', 'On Human Nature', 'Harvard Univ Pr', 8848283483606564661);
INSERT INTO BOOK(ISBN, Publisher_ID, Item_Number, Book_Title, Publisher, Author_ID) VALUES ('0679450785', 6666330366938678093, '0679450785', 'The Future of Life', 'Knopf', 8848283483606564661);
INSERT INTO BOOK(ISBN, Publisher_ID, Item_Number, Book_Title, Publisher, Author_ID) VALUES ('0679722955', 9013992887285970700, '0679722955', 'The Names', 'Vintage Books', 5177060763745267538);
INSERT INTO BOOK(ISBN, Publisher_ID, Item_Number, Book_Title, Publisher, Author_ID) VALUES ('067976867X', 7847536025532487135, '067976867X', 'Consilience: The Unity of Knowledge', 'Random House', 8848283483606564661);
INSERT INTO BOOK(ISBN, Publisher_ID, Item_Number, Book_Title, Publisher, Author_ID) VALUES ('0684843285', 1244715378058032804, '0684843285', 'ON FOOD AND COOKING', 'Fireside', 228269585591312170);
INSERT INTO BOOK(ISBN, Publisher_ID, Item_Number, Book_Title, Publisher, Author_ID) VALUES ('0684848155', 6794861470554199358, '0684848155', 'UNDERWORLD: A NOVEL', 'Scribner Paperback Fiction', 5177060763745267538);
INSERT INTO BOOK(ISBN, Publisher_ID, Item_Number, Book_Title, Publisher, Author_ID) VALUES ('0735712123', 4370615091135484742, '0735712123', 'MySQL', 'Addison-Wesley Publishing', 5279616597061022345);
INSERT INTO BOOK(ISBN, Publisher_ID, Item_Number, Book_Title, Publisher, Author_ID) VALUES ('0735712360', 6450473074904308462, '0735712360', 'The Photoshop Book for Digital Photographers', 'New Riders Publishing', 8531702572388619992);
INSERT INTO BOOK(ISBN, Publisher_ID, Item_Number, Book_Title, Publisher, Author_ID) VALUES ('0735712379', 6450473074904308462, '0735712379', 'Photoshop 7 Down & Dirty Tricks', 'New Riders Publishing', 8531702572388619992);
INSERT INTO BOOK(ISBN, Publisher_ID, Item_Number, Book_Title, Publisher, Author_ID) VALUES ('0735713170', 6450473074904308462, '0735713170', 'Mac OS X v. 10.2 Jaguar Killer Tips', 'New Riders Publishing', 8531702572388619992);
INSERT INTO BOOK(ISBN, Publisher_ID, Item_Number, Book_Title, Publisher, Author_ID) VALUES ('0738206679', 3135563945965968281, '0738206679', 'Linked: The New Science of Networks', 'Perseus Publishing', 2017956439507728758);
INSERT INTO BOOK(ISBN, Publisher_ID, Item_Number, Book_Title, Publisher, Author_ID) VALUES ('0743206061', 7150931384677274566, '0743206061', 'The Second Time Around', 'Simon & Schuster', 1683100127075069743);
INSERT INTO BOOK(ISBN, Publisher_ID, Item_Number, Book_Title, Publisher, Author_ID) VALUES ('0743222008', 7150931384677274566, '0743222008', 'The Vanished Man: A Lincoln Rhyme Novel', 'Simon & Schuster', 3484523372536208659);
INSERT INTO BOOK(ISBN, Publisher_ID, Item_Number, Book_Title, Publisher, Author_ID) VALUES ('0743244249', 1817611268985946161, '0743244249', 'Cosmopolis: A Novel', 'Scribner', 5929588514362588192);
INSERT INTO BOOK(ISBN, Publisher_ID, Item_Number, Book_Title, Publisher, Author_ID) VALUES ('0743455967', 2574361877476092017, '0743455967', 'On Writing', 'Pocket Books', 8601769410482660099);
INSERT INTO BOOK(ISBN, Publisher_ID, Item_Number, Book_Title, Publisher, Author_ID) VALUES ('0743457358', 2574361877476092017, '0743457358', 'Everything''s Eventual: 14 Dark Tales', 'Pocket Books', 4961378431089623865);
INSERT INTO BOOK(ISBN, Publisher_ID, Item_Number, Book_Title, Publisher, Author_ID) VALUES ('0743467523', 2574361877476092017, '0743467523', 'Dreamcatcher', 'Pocket Books', 4961378431089623865);
INSERT INTO BOOK(ISBN, Publisher_ID, Item_Number, Book_Title, Publisher, Author_ID) VALUES ('0782140114', 337131862783993396, '0782140114', 'Access 2002 Developer''s Handbook Set', 'Sybex', 5692787947684304539);
INSERT INTO BOOK(ISBN, Publisher_ID, Item_Number, Book_Title, Publisher, Author_ID) VALUES ('0782140661', 337131862783993396, '0782140661', 'OCP: Oracle9i Certification Kit', 'Sybex', 6857602245445800006);
INSERT INTO BOOK(ISBN, Publisher_ID, Item_Number, Book_Title, Publisher, Author_ID) VALUES ('0787960756', 3337628780292333353, '0787960756', 'The Five Dysfunctions of a Team: A Leadership Fable', 'Jossey-Bass', 5398944120113349022);
INSERT INTO BOOK(ISBN, Publisher_ID, Item_Number, Book_Title, Publisher, Author_ID) VALUES ('0805317554', 4370615091135484742, '0805317554', 'Fundamentals of Database Systems ', 'Addison-Wesley Publishing', 3768765280717729777);
INSERT INTO BOOK(ISBN, Publisher_ID, Item_Number, Book_Title, Publisher, Author_ID) VALUES ('0865659982', 6965465678674570723, '0865659982', 'Composers'' Houses', 'Vendome Pr', 6046070053776324705);
INSERT INTO BOOK(ISBN, Publisher_ID, Item_Number, Book_Title, Publisher, Author_ID) VALUES ('0972263608', 464921454945437020, '0972263608', 'Creating Documents with BusinessObjects 5.1', 'Schmidt Ink, Inc.', 5264214104381661216);
INSERT INTO BOOK(ISBN, Publisher_ID, Item_Number, Book_Title, Publisher, Author_ID) VALUES ('1558605525', 2243236316025870938, '1558605525', 'Data Mining: Practical Machine Learning Tools and Techniques with Java Implementations', 'Morgan Kaufmann', 9130168783305351344);
INSERT INTO BOOK(ISBN, Publisher_ID, Item_Number, Book_Title, Publisher, Author_ID) VALUES ('1558606432', 2243236316025870938, '1558606432', 'Persuasive Technology: Using Computers to Change What We Think and Do', 'Morgan Kaufmann', 5712611837111403767);
INSERT INTO BOOK(ISBN, Publisher_ID, Item_Number, Book_Title, Publisher, Author_ID) VALUES ('1561584029', 5226208966941457999, '1561584029', 'The Complete Illustrated Guide to Furniture and Cabinet Construction', 'Taunton Pr', 2314369432982892002);
INSERT INTO BOOK(ISBN, Publisher_ID, Item_Number, Book_Title, Publisher, Author_ID) VALUES ('1561586196', 5226208966941457999, '1561586196', 'Building a Shed', 'Taunton Pr', 8782482189599432517);
INSERT INTO BOOK(ISBN, Publisher_ID, Item_Number, Book_Title, Publisher, Author_ID) VALUES ('156158648X', 5226208966941457999, '156158648X', 'The New City Home: Smart Solutions for Metro Living', 'Taunton Pr', 5178689743388409895);
INSERT INTO BOOK(ISBN, Publisher_ID, Item_Number, Book_Title, Publisher, Author_ID) VALUES ('1565924916', 3542151329169545692, '1565924916', 'Ldap System Administration', 'O''Reilly & Associates', 2382613136015176675);
INSERT INTO BOOK(ISBN, Publisher_ID, Item_Number, Book_Title, Publisher, Author_ID) VALUES ('1579550088', 5079478693743163061, '1579550088', 'A New Kind of Science', 'Wolfram Media, Inc.', 273486934305132086);
INSERT INTO BOOK(ISBN, Publisher_ID, Item_Number, Book_Title, Publisher, Author_ID) VALUES ('1579902944', 286642000460171931, '1579902944', 'Choosing & Using Hand Tools', 'Lark Books', 2314369432982892002);
INSERT INTO BOOK(ISBN, Publisher_ID, Item_Number, Book_Title, Publisher, Author_ID) VALUES ('1586851322', 5539343556041138915, '1586851322', 'Prefab', 'Gibbs Smith Publisher', 4301418701202500914);
INSERT INTO BOOK(ISBN, Publisher_ID, Item_Number, Book_Title, Publisher, Author_ID) VALUES ('1586851357', 5539343556041138915, '1586851357', 'Cabins & Camps', 'Gibbs Smith Publisher', 2512506138131306155);
INSERT INTO BOOK(ISBN, Publisher_ID, Item_Number, Book_Title, Publisher, Author_ID) VALUES ('1590520734', 1593352266332767965, '1590520734', 'The Rescuer: The O''Malley Series', 'Multnomah Publishers Inc.', 4380025516070153994);
INSERT INTO BOOK(ISBN, Publisher_ID, Item_Number, Book_Title, Publisher, Author_ID) VALUES ('1861004486', 5794649517797135214, '1861004486', 'Professional SQL Server 2000 Programming', 'Wrox Press Inc', 11813867597086300);
INSERT INTO BOOK(ISBN, Publisher_ID, Item_Number, Book_Title, Publisher, Author_ID) VALUES ('1880418568', 7383587994079388229, '1880418568', 'Wolves of the Calla ', 'Donald M. Grant Publisher, Inc.', 4961378431089623865);
