INSERT INTO AUTHOR(Author_ID, Author_Name) VALUES (8489156255957034382, 'Chip Dawes');
INSERT INTO AUTHOR(Author_ID, Author_Name) VALUES (1759200355596428063, 'Biju Thomas');
INSERT INTO AUTHOR(Author_ID, Author_Name) VALUES (7687761116402637480, 'Doug Stuns');
INSERT INTO AUTHOR(Author_ID, Author_Name) VALUES (4406299484975450722, 'Matthew Weishan');
INSERT INTO AUTHOR(Author_ID, Author_Name) VALUES (4722741071219199559, 'Joseph C. Johnson');
INSERT INTO AUTHOR(Author_ID, Author_Name) VALUES (4995516795546057684, 'Brian Knight');
INSERT INTO AUTHOR(Author_ID, Author_Name) VALUES (7811863831644966223, 'Ralph Kimball');
INSERT INTO AUTHOR(Author_ID, Author_Name) VALUES (662264029685240037, 'Margy Ross');
INSERT INTO AUTHOR(Author_ID, Author_Name) VALUES (1769245558258836377, 'Bill Mann');
INSERT INTO AUTHOR(Author_ID, Author_Name) VALUES (2811862936405823736, 'Ian H. Witten');
INSERT INTO AUTHOR(Author_ID, Author_Name) VALUES (5816015513158500581, 'Eibe Frank');
INSERT INTO AUTHOR(Author_ID, Author_Name) VALUES (104439573374896672, 'Robert D. Schmidt');
INSERT INTO AUTHOR(Author_ID, Author_Name) VALUES (7555062772641368959, 'Ken Henderson');
INSERT INTO AUTHOR(Author_ID, Author_Name) VALUES (7978128000045340372, 'Paul Litwin');
INSERT INTO AUTHOR(Author_ID, Author_Name) VALUES (4129982603213610, 'Ken Getz');
INSERT INTO AUTHOR(Author_ID, Author_Name) VALUES (3927400336379350290, 'Mike Gunderloy');
INSERT INTO AUTHOR(Author_ID, Author_Name) VALUES (7772447673607651021, 'Ben Forta');
INSERT INTO AUTHOR(Author_ID, Author_Name) VALUES (6738162843587149750, 'Nate Weiss');
INSERT INTO AUTHOR(Author_ID, Author_Name) VALUES (3066335275362516276, 'Leon Chalnick');
INSERT INTO AUTHOR(Author_ID, Author_Name) VALUES (6952565759957083721, 'Angela C. Buraglia');
INSERT INTO AUTHOR(Author_ID, Author_Name) VALUES (7666432346168945650, 'Ramez A. Elmasri');
INSERT INTO AUTHOR(Author_ID, Author_Name) VALUES (8566372210179770209, 'Shamkant B. Navathe');
INSERT INTO AUTHOR(Author_ID, Author_Name) VALUES (6116693901711681152, 'Rob Vieira');
INSERT INTO AUTHOR(Author_ID, Author_Name) VALUES (5332729891197398954, 'Paul DuBois');
INSERT INTO AUTHOR(Author_ID, Author_Name) VALUES (4066736370326938941, 'Laurell K. Hamilton ');
INSERT INTO AUTHOR(Author_ID, Author_Name) VALUES (3288974622116833174, 'Sue Monk Kidd');
INSERT INTO AUTHOR(Author_ID, Author_Name) VALUES (7831067030501961364, 'Tara Calishain');
INSERT INTO AUTHOR(Author_ID, Author_Name) VALUES (2842954568521832810, 'Rael Dornfest');
INSERT INTO AUTHOR(Author_ID, Author_Name) VALUES (2337393013934028814, 'Jay P. Decima ');
INSERT INTO AUTHOR(Author_ID, Author_Name) VALUES (8955173191508266051, 'Wladyslaw Szpilman');
INSERT INTO AUTHOR(Author_ID, Author_Name) VALUES (8619195666135429096, 'Roma Ligocka');
INSERT INTO AUTHOR(Author_ID, Author_Name) VALUES (5937970307519233840, 'Michael Cunningham');
INSERT INTO AUTHOR(Author_ID, Author_Name) VALUES (7133606156477460500, 'Larry Bossidy');
INSERT INTO AUTHOR(Author_ID, Author_Name) VALUES (7173194785304292718, 'Ram Charan');
INSERT INTO AUTHOR(Author_ID, Author_Name) VALUES (5741546960162988964, 'Charles Burck');
INSERT INTO AUTHOR(Author_ID, Author_Name) VALUES (3306788531153619207, 'James Patterson');
INSERT INTO AUTHOR(Author_ID, Author_Name) VALUES (1682643079550527056, 'Andrew Gross');
INSERT INTO AUTHOR(Author_ID, Author_Name) VALUES (1199657222680287677, 'Jeffery Deaver');
INSERT INTO AUTHOR(Author_ID, Author_Name) VALUES (4870427575646316261, 'Jacquelyn Mitchard');
INSERT INTO AUTHOR(Author_ID, Author_Name) VALUES (7582317565979428851, 'Patrick Lencioni');
INSERT INTO AUTHOR(Author_ID, Author_Name) VALUES (5311309837637607917, 'Mary Higgins Clark');
INSERT INTO AUTHOR(Author_ID, Author_Name) VALUES (5956627315248251973, 'Dee Henderson');
INSERT INTO AUTHOR(Author_ID, Author_Name) VALUES (746001988896938531, 'Ann Patchett');
INSERT INTO AUTHOR(Author_ID, Author_Name) VALUES (1758679767568592677, 'Karen Marie Moning');
INSERT INTO AUTHOR(Author_ID, Author_Name) VALUES (7153001491661433829, 'Suzanne Brockmann');
INSERT INTO AUTHOR(Author_ID, Author_Name) VALUES (6148480675010581438, 'Steven Pinker');
INSERT INTO AUTHOR(Author_ID, Author_Name) VALUES (5993050698260205210, 'Albert-L szl¢ Barab si ');
INSERT INTO AUTHOR(Author_ID, Author_Name) VALUES (7606072630890325333, 'Edward Osborne Wilson ');
INSERT INTO AUTHOR(Author_ID, Author_Name) VALUES (8971452253881083520, 'Stephen Wolfram ');
INSERT INTO AUTHOR(Author_ID, Author_Name) VALUES (1477502757455346288, 'Harold McGee');
INSERT INTO AUTHOR(Author_ID, Author_Name) VALUES (2012053304848793634, 'Francis D. K. Ching');
INSERT INTO AUTHOR(Author_ID, Author_Name) VALUES (8881518752771932278, 'Cassandra Adams');
INSERT INTO AUTHOR(Author_ID, Author_Name) VALUES (5493294343007408871, 'Virginia McAlester');
INSERT INTO AUTHOR(Author_ID, Author_Name) VALUES (1502437300353486023, 'Lee McAlester');
INSERT INTO AUTHOR(Author_ID, Author_Name) VALUES (6392538330419982915, 'Bryan Burkhart');
INSERT INTO AUTHOR(Author_ID, Author_Name) VALUES (3073453571994755872, 'Allison Arieff');
INSERT INTO AUTHOR(Author_ID, Author_Name) VALUES (6536365193974555951, 'Ralph R. Kylloe ');
INSERT INTO AUTHOR(Author_ID, Author_Name) VALUES (5666918287339602594, 'Leslie Plummer Clagett ');
INSERT INTO AUTHOR(Author_ID, Author_Name) VALUES (2355423722195055892, 'Gerard Gefen');
INSERT INTO AUTHOR(Author_ID, Author_Name) VALUES (1390389503609817623, 'Christine Bastin');
INSERT INTO AUTHOR(Author_ID, Author_Name) VALUES (3280282503927357547, 'Jacques Evrard');
INSERT INTO AUTHOR(Author_ID, Author_Name) VALUES (8462730136675577606, 'Donald Kaufman');
INSERT INTO AUTHOR(Author_ID, Author_Name) VALUES (2310956382169359256, 'Taffy Dahl');
INSERT INTO AUTHOR(Author_ID, Author_Name) VALUES (376961001371855085, 'Laurel Graeber');
INSERT INTO AUTHOR(Author_ID, Author_Name) VALUES (3941224734699208209, 'Tina Freeman ');
INSERT INTO AUTHOR(Author_ID, Author_Name) VALUES (1162962962633636525, 'Simon Benninga, Benjamin Czaczkes ');
INSERT INTO AUTHOR(Author_ID, Author_Name) VALUES (8236532324969092266, 'Mark Grinblatt');
INSERT INTO AUTHOR(Author_ID, Author_Name) VALUES (1200696585943801248, 'Sheridan Titman');
INSERT INTO AUTHOR(Author_ID, Author_Name) VALUES (2109857227586667708, 'Robert C. Higgins ');
INSERT INTO AUTHOR(Author_ID, Author_Name) VALUES (848559369002842774, 'Paul Marcus Fischer');
INSERT INTO AUTHOR(Author_ID, Author_Name) VALUES (7881766749846863372, 'William James Taylor');
INSERT INTO AUTHOR(Author_ID, Author_Name) VALUES (8902328538592099468, 'Rita Hartung Cheng');
INSERT INTO AUTHOR(Author_ID, Author_Name) VALUES (2113815896806491125, 'Donald E. Kieso');
INSERT INTO AUTHOR(Author_ID, Author_Name) VALUES (6178123181207873628, 'Jerry J. Weygandt');
INSERT INTO AUTHOR(Author_ID, Author_Name) VALUES (8822802428277641319, 'Terry D. Warfield');
INSERT INTO AUTHOR(Author_ID, Author_Name) VALUES (3512998932529049876, 'Lawrence Revsine');
INSERT INTO AUTHOR(Author_ID, Author_Name) VALUES (3837726676470689688, 'Daniel W. Collins');
INSERT INTO AUTHOR(Author_ID, Author_Name) VALUES (2138523756714378293, 'W. Bruce Johnson');
INSERT INTO AUTHOR(Author_ID, Author_Name) VALUES (6244643397582049325, 'Nicholas Sparks ');
INSERT INTO AUTHOR(Author_ID, Author_Name) VALUES (5331747525194172415, 'Mary Higgins Clark ');
INSERT INTO AUTHOR(Author_ID, Author_Name) VALUES (2003421058999271110, 'Don DeLillo');
INSERT INTO AUTHOR(Author_ID, Author_Name) VALUES (6310724536242433147, 'Stephen King');
INSERT INTO AUTHOR(Author_ID, Author_Name) VALUES (1088446021766750851, 'Mark Z. Danielewski ');
INSERT INTO AUTHOR(Author_ID, Author_Name) VALUES (5086399574007834928, 'Michael Romkey ');
INSERT INTO AUTHOR(Author_ID, Author_Name) VALUES (4220317239604755937, 'Chuck Palahniuk ');
INSERT INTO AUTHOR(Author_ID, Author_Name) VALUES (1272247681992803669, 'Matthew Delaney');
INSERT INTO AUTHOR(Author_ID, Author_Name) VALUES (7691743672029745853, 'Bernie Wrightson');
INSERT INTO AUTHOR(Author_ID, Author_Name) VALUES (7295063340512170903, 'Stephen King ');
INSERT INTO AUTHOR(Author_ID, Author_Name) VALUES (7849812199179173235, 'Don DeLillo ');
INSERT INTO AUTHOR(Author_ID, Author_Name) VALUES (3786326195914094642, 'Ann Patchett ');
INSERT INTO AUTHOR(Author_ID, Author_Name) VALUES (6337002682723380375, 'Steven Pinker ');
INSERT INTO AUTHOR(Author_ID, Author_Name) VALUES (1333917701254749163, 'Simon Benninga ');
INSERT INTO AUTHOR(Author_ID, Author_Name) VALUES (1704807904442845949, 'Jeffrey M. Wooldridge ');
INSERT INTO AUTHOR(Author_ID, Author_Name) VALUES (7299379005096315165, 'Steven J. Root ');
INSERT INTO AUTHOR(Author_ID, Author_Name) VALUES (2895521440229763884, 'Ken Coffman ');
INSERT INTO AUTHOR(Author_ID, Author_Name) VALUES (2025028061259094176, 'Gerald Carter ');
INSERT INTO AUTHOR(Author_ID, Author_Name) VALUES (7700009657748315380, 'Scott Kelby ');
INSERT INTO AUTHOR(Author_ID, Author_Name) VALUES (444122722195769347, 'B. J. Fogg ');
INSERT INTO AUTHOR(Author_ID, Author_Name) VALUES (843480299513209926, 'Michael Meyers ');
INSERT INTO AUTHOR(Author_ID, Author_Name) VALUES (1009209109368857806, 'Carl Sagan ');
INSERT INTO AUTHOR(Author_ID, Author_Name) VALUES (295839040942715755, 'Alice Sebold ');
INSERT INTO AUTHOR(Author_ID, Author_Name) VALUES (3741684202149119338, 'Alice Sebold');
INSERT INTO AUTHOR(Author_ID, Author_Name) VALUES (3155499719117747875, 'Ian McEwan ');
INSERT INTO AUTHOR(Author_ID, Author_Name) VALUES (265775305838858467, 'Nora Roberts ');
INSERT INTO AUTHOR(Author_ID, Author_Name) VALUES (1330226791057896986, 'Andy Rae ');
INSERT INTO AUTHOR(Author_ID, Author_Name) VALUES (1092320575885035301, 'Joseph Truini ');
INSERT INTO AUTHOR(Author_ID, Author_Name) VALUES (2869944030449400837, 'Terry Pratchett');
INSERT INTO PUBLISHER(Publisher_ID, Publisher_Name) VALUES (539231921500057615, 'Sybex');
INSERT INTO PUBLISHER(Publisher_ID, Publisher_Name) VALUES (8324077221644003909, 'McGraw-Hill Osborne Media');
INSERT INTO PUBLISHER(Publisher_ID, Publisher_Name) VALUES (861737937048508342, 'John Wiley & Sons');
INSERT INTO PUBLISHER(Publisher_ID, Publisher_Name) VALUES (3824552150815607506, 'Morgan Kaufmann');
INSERT INTO PUBLISHER(Publisher_ID, Publisher_Name) VALUES (5099548259226846597, 'Schmidt Ink, Inc.');
INSERT INTO PUBLISHER(Publisher_ID, Publisher_Name) VALUES (3438275573411985426, 'Addison-Wesley Pub Co');
INSERT INTO PUBLISHER(Publisher_ID, Publisher_Name) VALUES (6092085457660044196, 'Macromedia Press');
INSERT INTO PUBLISHER(Publisher_ID, Publisher_Name) VALUES (9193232358514370246, 'Addison-Wesley Publishing');
INSERT INTO PUBLISHER(Publisher_ID, Publisher_Name) VALUES (777078161984102432, 'Wrox Press Inc');
INSERT INTO PUBLISHER(Publisher_ID, Publisher_Name) VALUES (7198572520256452688, 'Berkley Pub Group');
INSERT INTO PUBLISHER(Publisher_ID, Publisher_Name) VALUES (6436562835596338747, 'Penguin USA ');
INSERT INTO PUBLISHER(Publisher_ID, Publisher_Name) VALUES (8369597569974290116, 'O''Reilly & Associates');
INSERT INTO PUBLISHER(Publisher_ID, Publisher_Name) VALUES (8287170848924120659, 'McGraw-Hill Trade');
INSERT INTO PUBLISHER(Publisher_ID, Publisher_Name) VALUES (1719783255287177500, 'Picador');
INSERT INTO PUBLISHER(Publisher_ID, Publisher_Name) VALUES (3694511805773684574, 'St. Martin''s Press');
INSERT INTO PUBLISHER(Publisher_ID, Publisher_Name) VALUES (5664361575203309898, 'Crown Pub');
INSERT INTO PUBLISHER(Publisher_ID, Publisher_Name) VALUES (6882436210594884358, 'Little Brown & Company');
INSERT INTO PUBLISHER(Publisher_ID, Publisher_Name) VALUES (8495206240832616905, 'Simon & Schuster');
INSERT INTO PUBLISHER(Publisher_ID, Publisher_Name) VALUES (5469653271590425992, 'HarperCollins');
INSERT INTO PUBLISHER(Publisher_ID, Publisher_Name) VALUES (967121117708144607, 'Jossey-Bass');
INSERT INTO PUBLISHER(Publisher_ID, Publisher_Name) VALUES (4023157304220549408, 'Multnomah Publishers Inc.');
INSERT INTO PUBLISHER(Publisher_ID, Publisher_Name) VALUES (4341538725429249881, 'Perennial');
INSERT INTO PUBLISHER(Publisher_ID, Publisher_Name) VALUES (100488232617790332, 'Dell Pub Co');
INSERT INTO PUBLISHER(Publisher_ID, Publisher_Name) VALUES (6532601225031891099, 'Harlequin');
INSERT INTO PUBLISHER(Publisher_ID, Publisher_Name) VALUES (6101744301924252139, 'Viking Press');
INSERT INTO PUBLISHER(Publisher_ID, Publisher_Name) VALUES (3996359639692413927, 'Perseus Publishing');
INSERT INTO PUBLISHER(Publisher_ID, Publisher_Name) VALUES (8577017913547442062, 'Random House');
INSERT INTO PUBLISHER(Publisher_ID, Publisher_Name) VALUES (522801318752553443, 'Knopf');
INSERT INTO PUBLISHER(Publisher_ID, Publisher_Name) VALUES (8474730643668339008, 'Wolfram Media, Inc.');
INSERT INTO PUBLISHER(Publisher_ID, Publisher_Name) VALUES (5196180212815046565, 'Fireside');
INSERT INTO PUBLISHER(Publisher_ID, Publisher_Name) VALUES (8980059386772860310, 'Random House Trade Paperbacks');
INSERT INTO PUBLISHER(Publisher_ID, Publisher_Name) VALUES (4679279424737723314, 'Gibbs Smith Publisher');
INSERT INTO PUBLISHER(Publisher_ID, Publisher_Name) VALUES (753068677432169357, 'Taunton Pr');
INSERT INTO PUBLISHER(Publisher_ID, Publisher_Name) VALUES (9179907814016787311, 'Vendome Pr');
INSERT INTO PUBLISHER(Publisher_ID, Publisher_Name) VALUES (5301303949575387639, 'Clarkson N. Potter');
INSERT INTO PUBLISHER(Publisher_ID, Publisher_Name) VALUES (1147162541123206870, 'MIT Press');
INSERT INTO PUBLISHER(Publisher_ID, Publisher_Name) VALUES (9136236352386930575, 'McGraw-Hill/Irwin');
INSERT INTO PUBLISHER(Publisher_ID, Publisher_Name) VALUES (9184489676771588211, 'South-Western College Pub');
INSERT INTO PUBLISHER(Publisher_ID, Publisher_Name) VALUES (73237636155585968, 'Prentice Hall');
INSERT INTO PUBLISHER(Publisher_ID, Publisher_Name) VALUES (2900120562049083445, 'Warner Books');
INSERT INTO PUBLISHER(Publisher_ID, Publisher_Name) VALUES (5272705265443565607, 'Scribner');
INSERT INTO PUBLISHER(Publisher_ID, Publisher_Name) VALUES (6110701534257430403, 'Pocket Books');
INSERT INTO PUBLISHER(Publisher_ID, Publisher_Name) VALUES (1986497096060739924, 'Pantheon Books');
INSERT INTO PUBLISHER(Publisher_ID, Publisher_Name) VALUES (2731315655161397284, 'Del Rey');
INSERT INTO PUBLISHER(Publisher_ID, Publisher_Name) VALUES (9082308027921236295, 'Doubleday');
INSERT INTO PUBLISHER(Publisher_ID, Publisher_Name) VALUES (3398538112486147308, 'Donald M. Grant Publisher, Inc.');
INSERT INTO PUBLISHER(Publisher_ID, Publisher_Name) VALUES (1466283198213807789, 'Vintage Books');
INSERT INTO PUBLISHER(Publisher_ID, Publisher_Name) VALUES (426298257121558640, 'Scribner Paperback Fiction');
INSERT INTO PUBLISHER(Publisher_ID, Publisher_Name) VALUES (1686308829823094707, 'Harvest Books');
INSERT INTO PUBLISHER(Publisher_ID, Publisher_Name) VALUES (5860435455695867633, 'Harperperennial Library');
INSERT INTO PUBLISHER(Publisher_ID, Publisher_Name) VALUES (4025001097366560336, 'W.W. Norton & Company');
INSERT INTO PUBLISHER(Publisher_ID, Publisher_Name) VALUES (6094412168902597064, 'Harvard Univ Pr');
INSERT INTO PUBLISHER(Publisher_ID, Publisher_Name) VALUES (469705057941528974, 'Prentice Hall PTR');
INSERT INTO PUBLISHER(Publisher_ID, Publisher_Name) VALUES (1966691886563708493, 'New Riders Publishing');
INSERT INTO PUBLISHER(Publisher_ID, Publisher_Name) VALUES (4600413253858729649, 'Ballantine Books ');
INSERT INTO PUBLISHER(Publisher_ID, Publisher_Name) VALUES (5514556856544129534, 'Ballantine Books');
INSERT INTO PUBLISHER(Publisher_ID, Publisher_Name) VALUES (945699516305098258, 'Back Bay Books');
INSERT INTO PUBLISHER(Publisher_ID, Publisher_Name) VALUES (7618488002703201436, 'Anchor Books');
INSERT INTO PUBLISHER(Publisher_ID, Publisher_Name) VALUES (8332241769994551168, 'Putnam Pub Group');
INSERT INTO PUBLISHER(Publisher_ID, Publisher_Name) VALUES (2431710595327684622, 'Silhouette');
INSERT INTO PUBLISHER(Publisher_ID, Publisher_Name) VALUES (2018784007558758773, 'Lark Books');
INSERT INTO PUBLISHER(Publisher_ID, Publisher_Name) VALUES (2650852369309685038, 'Harper');
INSERT INTO WAREHOUSE(Warehouse_No, Total_Books, Address) VALUES (1, 0, '123 Malibu Lane, Los Angeles, CA 11108');
INSERT INTO PRODUCT(Item_Number, Warehouse_No, Transaction_ID, Price, Product_Type) VALUES ('0782140661', 1, '', 104.97, 'Computer');
INSERT INTO PRODUCT(Item_Number, Warehouse_No, Transaction_ID, Price, Product_Type) VALUES ('0072227885', 1, '', 34.99, 'Computer');
INSERT INTO PRODUCT(Item_Number, Warehouse_No, Transaction_ID, Price, Product_Type) VALUES ('0471200247', 1, '', 50.00, 'Computer');
INSERT INTO PRODUCT(Item_Number, Warehouse_No, Transaction_ID, Price, Product_Type) VALUES ('0072227710', 1, '', 17.49, 'Computer');
INSERT INTO PRODUCT(Item_Number, Warehouse_No, Transaction_ID, Price, Product_Type) VALUES ('1558605525', 1, '', 49.95, 'Computer');
INSERT INTO PRODUCT(Item_Number, Warehouse_No, Transaction_ID, Price, Product_Type) VALUES ('0972263608', 1, '', 99.00, 'Computer');
INSERT INTO PRODUCT(Item_Number, Warehouse_No, Transaction_ID, Price, Product_Type) VALUES ('0201615762', 1, '', 38.49, 'Computer');
INSERT INTO PRODUCT(Item_Number, Warehouse_No, Transaction_ID, Price, Product_Type) VALUES ('0782140114', 1, '', 69.99, 'Computer');
INSERT INTO PRODUCT(Item_Number, Warehouse_No, Transaction_ID, Price, Product_Type) VALUES ('0321125169', 1, '', 38.49, 'Computer');
INSERT INTO PRODUCT(Item_Number, Warehouse_No, Transaction_ID, Price, Product_Type) VALUES ('0805317554', 1, '', 95.00, 'Computer');
INSERT INTO PRODUCT(Item_Number, Warehouse_No, Transaction_ID, Price, Product_Type) VALUES ('1861004486', 1, '', 41.99, 'Computer');
INSERT INTO PRODUCT(Item_Number, Warehouse_No, Transaction_ID, Price, Product_Type) VALUES ('0735712123', 1, '', 34.99, 'Computer');
INSERT INTO PRODUCT(Item_Number, Warehouse_No, Transaction_ID, Price, Product_Type) VALUES ('0425188361', 1, '', 16.07, 'Literature & Fiction');
INSERT INTO PRODUCT(Item_Number, Warehouse_No, Transaction_ID, Price, Product_Type) VALUES ('0142001740', 1, '', 14.00, 'Literature & Fiction');
INSERT INTO PRODUCT(Item_Number, Warehouse_No, Transaction_ID, Price, Product_Type) VALUES ('0596004478', 1, '', 24.95, 'Computer');
INSERT INTO PRODUCT(Item_Number, Warehouse_No, Transaction_ID, Price, Product_Type) VALUES ('0071414339', 1, '', 18.95, 'Accounting & Finance');
INSERT INTO PRODUCT(Item_Number, Warehouse_No, Transaction_ID, Price, Product_Type) VALUES ('0312311354', 1, '', 13.00, 'Literature & Fiction');
INSERT INTO PRODUCT(Item_Number, Warehouse_No, Transaction_ID, Price, Product_Type) VALUES ('0312287941', 1, '', 25.95, 'Literature & Fiction');
INSERT INTO PRODUCT(Item_Number, Warehouse_No, Transaction_ID, Price, Product_Type) VALUES ('0312243022', 1, '', 3.44, 'Literature & Fiction');
INSERT INTO PRODUCT(Item_Number, Warehouse_No, Transaction_ID, Price, Product_Type) VALUES ('0609610570', 1, '', 27.50, 'Reference');
INSERT INTO PRODUCT(Item_Number, Warehouse_No, Transaction_ID, Price, Product_Type) VALUES ('0316602051', 1, '', 27.95, 'Literature & Fiction');
INSERT INTO PRODUCT(Item_Number, Warehouse_No, Transaction_ID, Price, Product_Type) VALUES ('0743222008', 1, '', 25.00, 'Literature & Fiction');
INSERT INTO PRODUCT(Item_Number, Warehouse_No, Transaction_ID, Price, Product_Type) VALUES ('0066214750', 1, '', 25.95, 'Literature & Fiction');
INSERT INTO PRODUCT(Item_Number, Warehouse_No, Transaction_ID, Price, Product_Type) VALUES ('0787960756', 1, '', 13.20, 'Accounting & Finance');
INSERT INTO PRODUCT(Item_Number, Warehouse_No, Transaction_ID, Price, Product_Type) VALUES ('0743206061', 1, '', 26.00, 'Accounting & Finance');
INSERT INTO PRODUCT(Item_Number, Warehouse_No, Transaction_ID, Price, Product_Type) VALUES ('1590520734', 1, '', 12.99, 'Romance');
INSERT INTO PRODUCT(Item_Number, Warehouse_No, Transaction_ID, Price, Product_Type) VALUES ('0060934417', 1, '', 13.95, 'Romance');
INSERT INTO PRODUCT(Item_Number, Warehouse_No, Transaction_ID, Price, Product_Type) VALUES ('0440237556', 1, '', 6.99, 'Romance');
INSERT INTO PRODUCT(Item_Number, Warehouse_No, Transaction_ID, Price, Product_Type) VALUES ('0373272839', 1, '', 4.75, 'Romance');
INSERT INTO PRODUCT(Item_Number, Warehouse_No, Transaction_ID, Price, Product_Type) VALUES ('0670031518', 1, '', 27.95, 'Science');
INSERT INTO PRODUCT(Item_Number, Warehouse_No, Transaction_ID, Price, Product_Type) VALUES ('0738206679', 1, '', 26.00, 'Science');
INSERT INTO PRODUCT(Item_Number, Warehouse_No, Transaction_ID, Price, Product_Type) VALUES ('067976867X', 1, '', 15.00, 'Science');
INSERT INTO PRODUCT(Item_Number, Warehouse_No, Transaction_ID, Price, Product_Type) VALUES ('0679450785', 1, '', 22.00, 'Science');
INSERT INTO PRODUCT(Item_Number, Warehouse_No, Transaction_ID, Price, Product_Type) VALUES ('1579550088', 1, '', 44.95, 'Science');
INSERT INTO PRODUCT(Item_Number, Warehouse_No, Transaction_ID, Price, Product_Type) VALUES ('0684843285', 1, '', 22.00, 'Science');
INSERT INTO PRODUCT(Item_Number, Warehouse_No, Transaction_ID, Price, Product_Type) VALUES ('0471358983', 1, '', 40.00, 'Home Design');
INSERT INTO PRODUCT(Item_Number, Warehouse_No, Transaction_ID, Price, Product_Type) VALUES ('0394739698', 1, '', 24.95, 'Home Design');
INSERT INTO PRODUCT(Item_Number, Warehouse_No, Transaction_ID, Price, Product_Type) VALUES ('1586851322', 1, '', 39.95, 'Home Design');
INSERT INTO PRODUCT(Item_Number, Warehouse_No, Transaction_ID, Price, Product_Type) VALUES ('1586851357', 1, '', 60.00, 'Home Design');
INSERT INTO PRODUCT(Item_Number, Warehouse_No, Transaction_ID, Price, Product_Type) VALUES ('156158648X', 1, '', 24.95, 'Home Design');
INSERT INTO PRODUCT(Item_Number, Warehouse_No, Transaction_ID, Price, Product_Type) VALUES ('0865659982', 1, '', 50.00, 'Home Design');
INSERT INTO PRODUCT(Item_Number, Warehouse_No, Transaction_ID, Price, Product_Type) VALUES ('0517576600', 1, '', 50.00, 'Home Design');
INSERT INTO PRODUCT(Item_Number, Warehouse_No, Transaction_ID, Price, Product_Type) VALUES ('0262024829', 1, '', 70.00, 'Accounting & Finance');
INSERT INTO PRODUCT(Item_Number, Warehouse_No, Transaction_ID, Price, Product_Type) VALUES ('0072294337', 1, '', 122.50, 'Accounting & Finance');
INSERT INTO PRODUCT(Item_Number, Warehouse_No, Transaction_ID, Price, Product_Type) VALUES ('0072315318', 1, '', 79.20, 'Accounting & Finance');
INSERT INTO PRODUCT(Item_Number, Warehouse_No, Transaction_ID, Price, Product_Type) VALUES ('0324107501', 1, '', 112.95, 'Accounting & Finance');
INSERT INTO PRODUCT(Item_Number, Warehouse_No, Transaction_ID, Price, Product_Type) VALUES ('0471363049', 1, '', 139.20, 'Accounting & Finance');
INSERT INTO PRODUCT(Item_Number, Warehouse_No, Transaction_ID, Price, Product_Type) VALUES ('0130323519', 1, '', 126.67, 'Accounting & Finance');
INSERT INTO PRODUCT(Item_Number, Warehouse_No, Transaction_ID, Price, Product_Type) VALUES ('0446527793', 1, '', 24.95, 'Literature & Fiction');
INSERT INTO PRODUCT(Item_Number, Warehouse_No, Transaction_ID, Price, Product_Type) VALUES ('0743244249', 1, '', 25.00, 'Literature & Fiction');
INSERT INTO PRODUCT(Item_Number, Warehouse_No, Transaction_ID, Price, Product_Type) VALUES ('0743467523', 1, '', 7.99, 'Horror');
INSERT INTO PRODUCT(Item_Number, Warehouse_No, Transaction_ID, Price, Product_Type) VALUES ('0375703764', 1, '', 19.95, 'Horror');
INSERT INTO PRODUCT(Item_Number, Warehouse_No, Transaction_ID, Price, Product_Type) VALUES ('0345452089', 1, '', 6.99, 'Horror');
INSERT INTO PRODUCT(Item_Number, Warehouse_No, Transaction_ID, Price, Product_Type) VALUES ('0385504470', 1, '', 17.47, 'Horror');
INSERT INTO PRODUCT(Item_Number, Warehouse_No, Transaction_ID, Price, Product_Type) VALUES ('0312276702', 1, '', 24.95, 'Horror');
INSERT INTO PRODUCT(Item_Number, Warehouse_No, Transaction_ID, Price, Product_Type) VALUES ('0743457358', 1, '', 7.99, 'Horror');
INSERT INTO PRODUCT(Item_Number, Warehouse_No, Transaction_ID, Price, Product_Type) VALUES ('1880418568', 1, '', 35.00, 'Horror');
INSERT INTO PRODUCT(Item_Number, Warehouse_No, Transaction_ID, Price, Product_Type) VALUES ('0743455967', 1, '', 7.99, 'Horror');
INSERT INTO PRODUCT(Item_Number, Warehouse_No, Transaction_ID, Price, Product_Type) VALUES ('0140077022', 1, '', 14.00, 'Literature & Fiction');
INSERT INTO PRODUCT(Item_Number, Warehouse_No, Transaction_ID, Price, Product_Type) VALUES ('0679722955', 1, '', 11.20, 'Literature & Fiction');
INSERT INTO PRODUCT(Item_Number, Warehouse_No, Transaction_ID, Price, Product_Type) VALUES ('0684848155', 1, '', 16.00, 'Literature & Fiction');
INSERT INTO PRODUCT(Item_Number, Warehouse_No, Transaction_ID, Price, Product_Type) VALUES ('0471286168', 1, '', 39.95, 'Home Design');
INSERT INTO PRODUCT(Item_Number, Warehouse_No, Transaction_ID, Price, Product_Type) VALUES ('0471288217', 1, '', 39.95, 'Home Design');
INSERT INTO PRODUCT(Item_Number, Warehouse_No, Transaction_ID, Price, Product_Type) VALUES ('0156006219', 1, '', 13.00, 'Romance');
INSERT INTO PRODUCT(Item_Number, Warehouse_No, Transaction_ID, Price, Product_Type) VALUES ('0060540753', 1, '', 13.95, 'Romance');
INSERT INTO PRODUCT(Item_Number, Warehouse_No, Transaction_ID, Price, Product_Type) VALUES ('0393318486', 1, '', 17.95, 'Science');
INSERT INTO PRODUCT(Item_Number, Warehouse_No, Transaction_ID, Price, Product_Type) VALUES ('0060958332', 1, '', 10.50, 'Science');
INSERT INTO PRODUCT(Item_Number, Warehouse_No, Transaction_ID, Price, Product_Type) VALUES ('0060958405', 1, '', 15.00, 'Science');
INSERT INTO PRODUCT(Item_Number, Warehouse_No, Transaction_ID, Price, Product_Type) VALUES ('0393319407', 1, '', 16.95, 'Science');
INSERT INTO PRODUCT(Item_Number, Warehouse_No, Transaction_ID, Price, Product_Type) VALUES ('067463442X', 1, '', 18.95, 'Science');
INSERT INTO PRODUCT(Item_Number, Warehouse_No, Transaction_ID, Price, Product_Type) VALUES ('0446608955', 1, '', 6.99, 'Literature & Fiction');
INSERT INTO PRODUCT(Item_Number, Warehouse_No, Transaction_ID, Price, Product_Type) VALUES ('0446676098', 1, '', 12.95, 'Literature & Fiction');
INSERT INTO PRODUCT(Item_Number, Warehouse_No, Transaction_ID, Price, Product_Type) VALUES ('0446606812', 1, '', 7.50, 'Literature & Fiction');
INSERT INTO PRODUCT(Item_Number, Warehouse_No, Transaction_ID, Price, Product_Type) VALUES ('0262521415', 1, '', 35.00, 'Accounting & Finance');
INSERT INTO PRODUCT(Item_Number, Warehouse_No, Transaction_ID, Price, Product_Type) VALUES ('0262232197', 1, '', 74.95, 'Accounting & Finance');
INSERT INTO PRODUCT(Item_Number, Warehouse_No, Transaction_ID, Price, Product_Type) VALUES ('0324113641', 1, '', 107.95, 'Accounting & Finance');
INSERT INTO PRODUCT(Item_Number, Warehouse_No, Transaction_ID, Price, Product_Type) VALUES ('0471391123', 1, '', 50.00, 'Accounting & Finance');
INSERT INTO PRODUCT(Item_Number, Warehouse_No, Transaction_ID, Price, Product_Type) VALUES ('0130998516', 1, '', 83.00, 'Computer');
INSERT INTO PRODUCT(Item_Number, Warehouse_No, Transaction_ID, Price, Product_Type) VALUES ('1565924916', 1, '', 39.95, 'Computer');
INSERT INTO PRODUCT(Item_Number, Warehouse_No, Transaction_ID, Price, Product_Type) VALUES ('0735712360', 1, '', 39.99, 'Computer');
INSERT INTO PRODUCT(Item_Number, Warehouse_No, Transaction_ID, Price, Product_Type) VALUES ('0735712379', 1, '', 39.99, 'Computer');
INSERT INTO PRODUCT(Item_Number, Warehouse_No, Transaction_ID, Price, Product_Type) VALUES ('0735713170', 1, '', 29.99, 'Computer');
INSERT INTO PRODUCT(Item_Number, Warehouse_No, Transaction_ID, Price, Product_Type) VALUES ('1558606432', 1, '', 34.95, 'Computer');
INSERT INTO PRODUCT(Item_Number, Warehouse_No, Transaction_ID, Price, Product_Type) VALUES ('0072222743', 1, '', 59.99, 'Computer');
INSERT INTO PRODUCT(Item_Number, Warehouse_No, Transaction_ID, Price, Product_Type) VALUES ('0345409469', 1, '', 14.95, 'Science');
INSERT INTO PRODUCT(Item_Number, Warehouse_No, Transaction_ID, Price, Product_Type) VALUES ('0375508325', 1, '', 35.00, 'Science');
INSERT INTO PRODUCT(Item_Number, Warehouse_No, Transaction_ID, Price, Product_Type) VALUES ('0345336895', 1, '', 6.99, 'Science');
INSERT INTO PRODUCT(Item_Number, Warehouse_No, Transaction_ID, Price, Product_Type) VALUES ('0671004107', 1, '', 7.99, 'Science');
INSERT INTO PRODUCT(Item_Number, Warehouse_No, Transaction_ID, Price, Product_Type) VALUES ('0345376595', 1, '', 12.95, 'Science');
INSERT INTO PRODUCT(Item_Number, Warehouse_No, Transaction_ID, Price, Product_Type) VALUES ('0316666343', 1, '', 21.95, 'Literature & Fiction');
INSERT INTO PRODUCT(Item_Number, Warehouse_No, Transaction_ID, Price, Product_Type) VALUES ('0316096199', 1, '', 11.95, 'Literature & Fiction');
INSERT INTO PRODUCT(Item_Number, Warehouse_No, Transaction_ID, Price, Product_Type) VALUES ('038572179X', 1, '', 14.00, 'Literature & Fiction');
INSERT INTO PRODUCT(Item_Number, Warehouse_No, Transaction_ID, Price, Product_Type) VALUES ('0385494246', 1, '', 12.00, 'Literature & Fiction');
INSERT INTO PRODUCT(Item_Number, Warehouse_No, Transaction_ID, Price, Product_Type) VALUES ('0385494327', 1, '', 14.00, 'Literature & Fiction');
INSERT INTO PRODUCT(Item_Number, Warehouse_No, Transaction_ID, Price, Product_Type) VALUES ('0385494149', 1, '', 13.00, 'Literature & Fiction');
INSERT INTO PRODUCT(Item_Number, Warehouse_No, Transaction_ID, Price, Product_Type) VALUES ('0399149848', 1, '', 25.95, 'Literature & Fiction');
INSERT INTO PRODUCT(Item_Number, Warehouse_No, Transaction_ID, Price, Product_Type) VALUES ('0373218192', 1, '', 7.50, 'Literature & Fiction');
INSERT INTO PRODUCT(Item_Number, Warehouse_No, Transaction_ID, Price, Product_Type) VALUES ('0373218257', 1, '', 14.95, 'Literature & Fiction');
INSERT INTO PRODUCT(Item_Number, Warehouse_No, Transaction_ID, Price, Product_Type) VALUES ('0399149392', 1, '', 25.95, 'Literature & Fiction');
INSERT INTO PRODUCT(Item_Number, Warehouse_No, Transaction_ID, Price, Product_Type) VALUES ('1561584029', 1, '', 39.95, 'Home Design');
INSERT INTO PRODUCT(Item_Number, Warehouse_No, Transaction_ID, Price, Product_Type) VALUES ('1579902944', 1, '', 19.95, 'Home Design');
INSERT INTO PRODUCT(Item_Number, Warehouse_No, Transaction_ID, Price, Product_Type) VALUES ('1561586196', 1, '', 19.95, 'Home Design');
INSERT INTO PRODUCT(Item_Number, Warehouse_No, Transaction_ID, Price, Product_Type) VALUES ('0061092177', 1, '', 7.99, 'Fantasy');
INSERT INTO PRODUCT(Item_Number, Warehouse_No, Transaction_ID, Price, Product_Type) VALUES ('0060502935', 1, '', 7.99, 'Fantasy');
INSERT INTO PRODUCT(Item_Number, Warehouse_No, Transaction_ID, Price, Product_Type) VALUES ('0061020656', 1, '', 7.99, 'Fantasy');
INSERT INTO PRODUCT(Item_Number, Warehouse_No, Transaction_ID, Price, Product_Type) VALUES ('0060855925', 1, '', 13.99, 'Fantasy');
INSERT INTO PRODUCT(Item_Number, Warehouse_No, Transaction_ID, Price, Product_Type) VALUES ('0061020648', 1, '', 7.99, 'Fantasy');
INSERT INTO PRODUCT(Item_Number, Warehouse_No, Transaction_ID, Price, Product_Type) VALUES ('0061161721', 1, '', 7.99, 'Fantasy');
INSERT INTO BOOK(ISBN, Publisher_ID, Item_Number, Book_Title, Publisher, Author_ID) VALUES ('0060502935', 2650852369309685038, '0060502935', 'Going Postal', 'Harper', 2869944030449400837);
INSERT INTO BOOK(ISBN, Publisher_ID, Item_Number, Book_Title, Publisher, Author_ID) VALUES ('0060540753', 5860435455695867633, '0060540753', 'Patron Saint of Liars', 'Harperperennial Library', 3786326195914094642);
INSERT INTO BOOK(ISBN, Publisher_ID, Item_Number, Book_Title, Publisher, Author_ID) VALUES ('0060855925', 2650852369309685038, '0060855925', 'The Color of Magic', 'Harper', 2869944030449400837);
INSERT INTO BOOK(ISBN, Publisher_ID, Item_Number, Book_Title, Publisher, Author_ID) VALUES ('0060934417', 4341538725429249881, '0060934417', 'Bel Canto: A Novel', 'Perennial', 746001988896938531);
INSERT INTO BOOK(ISBN, Publisher_ID, Item_Number, Book_Title, Publisher, Author_ID) VALUES ('0060958332', 4341538725429249881, '0060958332', 'The Language Instinct: How the Mind Creates Language', 'Perennial', 6337002682723380375);
INSERT INTO BOOK(ISBN, Publisher_ID, Item_Number, Book_Title, Publisher, Author_ID) VALUES ('0060958405', 4341538725429249881, '0060958405', 'Words and Rules: The Ingredients of Language', 'Perennial', 6337002682723380375);
INSERT INTO BOOK(ISBN, Publisher_ID, Item_Number, Book_Title, Publisher, Author_ID) VALUES ('0061020648', 2650852369309685038, '0061020648', 'Guards! Guards!', 'Harper', 2869944030449400837);
INSERT INTO BOOK(ISBN, Publisher_ID, Item_Number, Book_Title, Publisher, Author_ID) VALUES ('0061020656', 2650852369309685038, '0061020656', 'Pyramids', 'Harper', 2869944030449400837);
INSERT INTO BOOK(ISBN, Publisher_ID, Item_Number, Book_Title, Publisher, Author_ID) VALUES ('0061092177', 2650852369309685038, '0061092177', 'Small Gods', 'Harper', 2869944030449400837);
INSERT INTO BOOK(ISBN, Publisher_ID, Item_Number, Book_Title, Publisher, Author_ID) VALUES ('0061161721', 2650852369309685038, '0061161721', 'Unseen Academicals', 'Harper', 2869944030449400837);
INSERT INTO BOOK(ISBN, Publisher_ID, Item_Number, Book_Title, Publisher, Author_ID) VALUES ('0066214750', 5469653271590425992, '0066214750', 'Twelve Times Blessed', 'HarperCollins', 4870427575646316261);
INSERT INTO BOOK(ISBN, Publisher_ID, Item_Number, Book_Title, Publisher, Author_ID) VALUES ('0071414339', 8287170848924120659, '0071414339', 'Investing in Fixer-Uppers : A Complete Guide to Buying Low, Fixing Smart, Adding Value, and Selling (or Renting) High', 'McGraw-Hill Trade', 2337393013934028814);
INSERT INTO BOOK(ISBN, Publisher_ID, Item_Number, Book_Title, Publisher, Author_ID) VALUES ('0072222743', 8324077221644003909, '0072222743', 'A+ Certification All-in-One Exam Guide', 'McGraw-Hill Osborne Media', 843480299513209926);
INSERT INTO BOOK(ISBN, Publisher_ID, Item_Number, Book_Title, Publisher, Author_ID) VALUES ('0072227710', 8324077221644003909, '0072227710', 'How To Do Everything with Your Tablet PC', 'McGraw-Hill Osborne Media', 1769245558258836377);
INSERT INTO BOOK(ISBN, Publisher_ID, Item_Number, Book_Title, Publisher, Author_ID) VALUES ('0072227885', 8324077221644003909, '0072227885', 'SQL Server 2000 for Experienced DBA''s', 'McGraw-Hill Osborne Media', 4995516795546057684);
INSERT INTO BOOK(ISBN, Publisher_ID, Item_Number, Book_Title, Publisher, Author_ID) VALUES ('0072294337', 9136236352386930575, '0072294337', 'Financial Markets & Corporate Strategy', 'McGraw-Hill/Irwin', 8236532324969092266);
INSERT INTO BOOK(ISBN, Publisher_ID, Item_Number, Book_Title, Publisher, Author_ID) VALUES ('0072315318', 9136236352386930575, '0072315318', 'Analysis for Financial Management', 'McGraw-Hill/Irwin', 2109857227586667708);
INSERT INTO BOOK(ISBN, Publisher_ID, Item_Number, Book_Title, Publisher, Author_ID) VALUES ('0130323519', 73237636155585968, '0130323519', 'Financial Reporting and Analysis ', 'Prentice Hall', 3512998932529049876);
INSERT INTO BOOK(ISBN, Publisher_ID, Item_Number, Book_Title, Publisher, Author_ID) VALUES ('0130998516', 469705057941528974, '0130998516', 'Real World FPGA Design with Verilog', 'Prentice Hall PTR', 2895521440229763884);
INSERT INTO BOOK(ISBN, Publisher_ID, Item_Number, Book_Title, Publisher, Author_ID) VALUES ('0140077022', 6436562835596338747, '0140077022', 'White Noise ', 'Penguin USA ', 2003421058999271110);
INSERT INTO BOOK(ISBN, Publisher_ID, Item_Number, Book_Title, Publisher, Author_ID) VALUES ('0142001740', 6436562835596338747, '0142001740', 'The Secret Life of Bees', 'Penguin USA ', 3288974622116833174);
INSERT INTO BOOK(ISBN, Publisher_ID, Item_Number, Book_Title, Publisher, Author_ID) VALUES ('0156006219', 1686308829823094707, '0156006219', 'The Magician''s Assistant', 'Harvest Books', 3786326195914094642);
INSERT INTO BOOK(ISBN, Publisher_ID, Item_Number, Book_Title, Publisher, Author_ID) VALUES ('0201615762', 3438275573411985426, '0201615762', 'The Guru''s Guide to Transact-SQL', 'Addison-Wesley Pub Co', 7555062772641368959);
INSERT INTO BOOK(ISBN, Publisher_ID, Item_Number, Book_Title, Publisher, Author_ID) VALUES ('0262024829', 1147162541123206870, '0262024829', 'Financial Modeling ', 'MIT Press', 1162962962633636525);
INSERT INTO BOOK(ISBN, Publisher_ID, Item_Number, Book_Title, Publisher, Author_ID) VALUES ('0262232197', 1147162541123206870, '0262232197', 'Econometric Analysis of Cross Section and Panel Data', 'MIT Press', 1704807904442845949);
INSERT INTO BOOK(ISBN, Publisher_ID, Item_Number, Book_Title, Publisher, Author_ID) VALUES ('0262521415', 1147162541123206870, '0262521415', 'Numerical Techniques in Finance', 'MIT Press', 1333917701254749163);
INSERT INTO BOOK(ISBN, Publisher_ID, Item_Number, Book_Title, Publisher, Author_ID) VALUES ('0312243022', 1719783255287177500, '0312243022', 'The Hours', 'Picador', 5937970307519233840);
INSERT INTO BOOK(ISBN, Publisher_ID, Item_Number, Book_Title, Publisher, Author_ID) VALUES ('0312276702', 3694511805773684574, '0312276702', 'Jinn: A Novel', 'St. Martin''s Press', 1272247681992803669);
INSERT INTO BOOK(ISBN, Publisher_ID, Item_Number, Book_Title, Publisher, Author_ID) VALUES ('0312287941', 3694511805773684574, '0312287941', 'The Girl in the Red Coat: A Memoir', 'St. Martin''s Press', 8619195666135429096);
INSERT INTO BOOK(ISBN, Publisher_ID, Item_Number, Book_Title, Publisher, Author_ID) VALUES ('0312311354', 1719783255287177500, '0312311354', 'The Pianist', 'Picador', 8955173191508266051);
INSERT INTO BOOK(ISBN, Publisher_ID, Item_Number, Book_Title, Publisher, Author_ID) VALUES ('0316096199', 945699516305098258, '0316096199', 'Lucky: A Memoir', 'Back Bay Books', 3741684202149119338);
INSERT INTO BOOK(ISBN, Publisher_ID, Item_Number, Book_Title, Publisher, Author_ID) VALUES ('0316602051', 6882436210594884358, '0316602051', 'The Jester', 'Little Brown & Company', 3306788531153619207);
INSERT INTO BOOK(ISBN, Publisher_ID, Item_Number, Book_Title, Publisher, Author_ID) VALUES ('0316666343', 6882436210594884358, '0316666343', 'The Lovely Bones: A Novel', 'Little Brown & Company', 295839040942715755);
INSERT INTO BOOK(ISBN, Publisher_ID, Item_Number, Book_Title, Publisher, Author_ID) VALUES ('0321125169', 6092085457660044196, '0321125169', 'ColdFusion MX Web Application Construction Kit', 'Macromedia Press', 7772447673607651021);
INSERT INTO BOOK(ISBN, Publisher_ID, Item_Number, Book_Title, Publisher, Author_ID) VALUES ('0324107501', 9184489676771588211, '0324107501', 'Advanced Accounting', 'South-Western College Pub', 848559369002842774);
INSERT INTO BOOK(ISBN, Publisher_ID, Item_Number, Book_Title, Publisher, Author_ID) VALUES ('0324113641', 9184489676771588211, '0324113641', 'Introductory Econometrics: A Modern Approach', 'South-Western College Pub', 1704807904442845949);
INSERT INTO BOOK(ISBN, Publisher_ID, Item_Number, Book_Title, Publisher, Author_ID) VALUES ('0345336895', 5514556856544129534, '0345336895', 'Broca''s Brain: Reflections on the Romance of Science', 'Ballantine Books', 1009209109368857806);
INSERT INTO BOOK(ISBN, Publisher_ID, Item_Number, Book_Title, Publisher, Author_ID) VALUES ('0345376595', 4600413253858729649, '0345376595', 'Pale Blue Dot: A Vision of the Human Future in Space', 'Ballantine Books ', 1009209109368857806);
INSERT INTO BOOK(ISBN, Publisher_ID, Item_Number, Book_Title, Publisher, Author_ID) VALUES ('0345409469', 4600413253858729649, '0345409469', 'The Demon-Haunted World: Science As a Candle in the Dark', 'Ballantine Books ', 1009209109368857806);
INSERT INTO BOOK(ISBN, Publisher_ID, Item_Number, Book_Title, Publisher, Author_ID) VALUES ('0345452089', 2731315655161397284, '0345452089', 'The Vampire''s Violin', 'Del Rey', 5086399574007834928);
INSERT INTO BOOK(ISBN, Publisher_ID, Item_Number, Book_Title, Publisher, Author_ID) VALUES ('0373218192', 2431710595327684622, '0373218192', 'Engaging The Enemy', 'Silhouette', 265775305838858467);
INSERT INTO BOOK(ISBN, Publisher_ID, Item_Number, Book_Title, Publisher, Author_ID) VALUES ('0373218257', 6532601225031891099, '0373218257', 'Love By Design', 'Harlequin', 265775305838858467);
INSERT INTO BOOK(ISBN, Publisher_ID, Item_Number, Book_Title, Publisher, Author_ID) VALUES ('0373272839', 6532601225031891099, '0373272839', 'Letters to Kelly', 'Harlequin', 7153001491661433829);
INSERT INTO BOOK(ISBN, Publisher_ID, Item_Number, Book_Title, Publisher, Author_ID) VALUES ('0375508325', 8577017913547442062, '0375508325', 'Cosmos', 'Random House', 1009209109368857806);
INSERT INTO BOOK(ISBN, Publisher_ID, Item_Number, Book_Title, Publisher, Author_ID) VALUES ('0375703764', 1986497096060739924, '0375703764', 'House of Leaves', 'Pantheon Books', 1088446021766750851);
INSERT INTO BOOK(ISBN, Publisher_ID, Item_Number, Book_Title, Publisher, Author_ID) VALUES ('0385494149', 7618488002703201436, '0385494149', 'Enduring Love', 'Anchor Books', 3155499719117747875);
INSERT INTO BOOK(ISBN, Publisher_ID, Item_Number, Book_Title, Publisher, Author_ID) VALUES ('0385494246', 7618488002703201436, '0385494246', 'Amsterdam', 'Anchor Books', 3155499719117747875);
INSERT INTO BOOK(ISBN, Publisher_ID, Item_Number, Book_Title, Publisher, Author_ID) VALUES ('0385494327', 7618488002703201436, '0385494327', 'Black Dogs', 'Anchor Books', 3155499719117747875);
INSERT INTO BOOK(ISBN, Publisher_ID, Item_Number, Book_Title, Publisher, Author_ID) VALUES ('0385504470', 9082308027921236295, '0385504470', 'Lullaby: A Novel', 'Doubleday', 4220317239604755937);
INSERT INTO BOOK(ISBN, Publisher_ID, Item_Number, Book_Title, Publisher, Author_ID) VALUES ('038572179X', 7618488002703201436, '038572179X', 'Atonement', 'Anchor Books', 3155499719117747875);
INSERT INTO BOOK(ISBN, Publisher_ID, Item_Number, Book_Title, Publisher, Author_ID) VALUES ('0393318486', 4025001097366560336, '0393318486', 'How the Mind Works', 'W.W. Norton & Company', 6337002682723380375);
INSERT INTO BOOK(ISBN, Publisher_ID, Item_Number, Book_Title, Publisher, Author_ID) VALUES ('0393319407', 4025001097366560336, '0393319407', 'The Diversity of Life', 'W.W. Norton & Company', 7606072630890325333);
INSERT INTO BOOK(ISBN, Publisher_ID, Item_Number, Book_Title, Publisher, Author_ID) VALUES ('0394739698', 8980059386772860310, '0394739698', 'A Field Guide to American Houses', 'Random House Trade Paperbacks', 5493294343007408871);
INSERT INTO BOOK(ISBN, Publisher_ID, Item_Number, Book_Title, Publisher, Author_ID) VALUES ('0399149392', 8332241769994551168, '0399149392', 'Chesapeake Blue', 'Putnam Pub Group', 265775305838858467);
INSERT INTO BOOK(ISBN, Publisher_ID, Item_Number, Book_Title, Publisher, Author_ID) VALUES ('0399149848', 8332241769994551168, '0399149848', 'Birthright', 'Putnam Pub Group', 265775305838858467);
INSERT INTO BOOK(ISBN, Publisher_ID, Item_Number, Book_Title, Publisher, Author_ID) VALUES ('0425188361', 7198572520256452688, '0425188361', 'Cerulean Sins', 'Berkley Pub Group', 4066736370326938941);
INSERT INTO BOOK(ISBN, Publisher_ID, Item_Number, Book_Title, Publisher, Author_ID) VALUES ('0440237556', 100488232617790332, '0440237556', 'The Dark Highlander', 'Dell Pub Co', 1758679767568592677);
INSERT INTO BOOK(ISBN, Publisher_ID, Item_Number, Book_Title, Publisher, Author_ID) VALUES ('0446527793', 2900120562049083445, '0446527793', 'The Guardian', 'Warner Books', 6244643397582049325);
INSERT INTO BOOK(ISBN, Publisher_ID, Item_Number, Book_Title, Publisher, Author_ID) VALUES ('0446606812', 2900120562049083445, '0446606812', 'Message in a Bottle', 'Warner Books', 6244643397582049325);
INSERT INTO BOOK(ISBN, Publisher_ID, Item_Number, Book_Title, Publisher, Author_ID) VALUES ('0446608955', 2900120562049083445, '0446608955', 'A Walk to Remember', 'Warner Books', 6244643397582049325);
INSERT INTO BOOK(ISBN, Publisher_ID, Item_Number, Book_Title, Publisher, Author_ID) VALUES ('0446676098', 2900120562049083445, '0446676098', 'The Notebook', 'Warner Books', 6244643397582049325);
INSERT INTO BOOK(ISBN, Publisher_ID, Item_Number, Book_Title, Publisher, Author_ID) VALUES ('0471200247', 861737937048508342, '0471200247', 'The Data Warehouse Toolkit: The Complete Guide to Dimensional Modeling', 'John Wiley & Sons', 7811863831644966223);
INSERT INTO BOOK(ISBN, Publisher_ID, Item_Number, Book_Title, Publisher, Author_ID) VALUES ('0471286168', 861737937048508342, '0471286168', 'Architecture: Form, Space, and Order', 'John Wiley & Sons', 2012053304848793634);
INSERT INTO BOOK(ISBN, Publisher_ID, Item_Number, Book_Title, Publisher, Author_ID) VALUES ('0471288217', 861737937048508342, '0471288217', 'A Visual Dictionary of Architecture', 'John Wiley & Sons', 2012053304848793634);
INSERT INTO BOOK(ISBN, Publisher_ID, Item_Number, Book_Title, Publisher, Author_ID) VALUES ('0471358983', 861737937048508342, '0471358983', 'Building Construction Illustrated', 'John Wiley & Sons', 2012053304848793634);
INSERT INTO BOOK(ISBN, Publisher_ID, Item_Number, Book_Title, Publisher, Author_ID) VALUES ('0471363049', 861737937048508342, '0471363049', 'Intermediate Accounting', 'John Wiley & Sons', 2113815896806491125);
INSERT INTO BOOK(ISBN, Publisher_ID, Item_Number, Book_Title, Publisher, Author_ID) VALUES ('0471391123', 861737937048508342, '0471391123', 'Beyond Coso : Internal Control to Enhance Corporate Governance', 'John Wiley & Sons', 7299379005096315165);
INSERT INTO BOOK(ISBN, Publisher_ID, Item_Number, Book_Title, Publisher, Author_ID) VALUES ('0517576600', 5301303949575387639, '0517576600', 'Color: Natural Palettes for Painted Rooms', 'Clarkson N. Potter', 8462730136675577606);
INSERT INTO BOOK(ISBN, Publisher_ID, Item_Number, Book_Title, Publisher, Author_ID) VALUES ('0596004478', 8369597569974290116, '0596004478', 'Google Hacks', 'O''Reilly & Associates', 7831067030501961364);
INSERT INTO BOOK(ISBN, Publisher_ID, Item_Number, Book_Title, Publisher, Author_ID) VALUES ('0609610570', 5664361575203309898, '0609610570', 'Execution: The Discipline of Getting Things Done', 'Crown Pub', 7133606156477460500);
INSERT INTO BOOK(ISBN, Publisher_ID, Item_Number, Book_Title, Publisher, Author_ID) VALUES ('0670031518', 6101744301924252139, '0670031518', 'The Blank Slate: The Modern Denial of Human Nature', 'Viking Press', 6148480675010581438);
INSERT INTO BOOK(ISBN, Publisher_ID, Item_Number, Book_Title, Publisher, Author_ID) VALUES ('0671004107', 6110701534257430403, '0671004107', 'Contact', 'Pocket Books', 1009209109368857806);
INSERT INTO BOOK(ISBN, Publisher_ID, Item_Number, Book_Title, Publisher, Author_ID) VALUES ('067463442X', 6094412168902597064, '067463442X', 'On Human Nature', 'Harvard Univ Pr', 7606072630890325333);
INSERT INTO BOOK(ISBN, Publisher_ID, Item_Number, Book_Title, Publisher, Author_ID) VALUES ('0679450785', 522801318752553443, '0679450785', 'The Future of Life', 'Knopf', 7606072630890325333);
INSERT INTO BOOK(ISBN, Publisher_ID, Item_Number, Book_Title, Publisher, Author_ID) VALUES ('0679722955', 1466283198213807789, '0679722955', 'The Names', 'Vintage Books', 7849812199179173235);
INSERT INTO BOOK(ISBN, Publisher_ID, Item_Number, Book_Title, Publisher, Author_ID) VALUES ('067976867X', 8577017913547442062, '067976867X', 'Consilience: The Unity of Knowledge', 'Random House', 7606072630890325333);
INSERT INTO BOOK(ISBN, Publisher_ID, Item_Number, Book_Title, Publisher, Author_ID) VALUES ('0684843285', 5196180212815046565, '0684843285', 'ON FOOD AND COOKING', 'Fireside', 1477502757455346288);
INSERT INTO BOOK(ISBN, Publisher_ID, Item_Number, Book_Title, Publisher, Author_ID) VALUES ('0684848155', 426298257121558640, '0684848155', 'UNDERWORLD: A NOVEL', 'Scribner Paperback Fiction', 7849812199179173235);
INSERT INTO BOOK(ISBN, Publisher_ID, Item_Number, Book_Title, Publisher, Author_ID) VALUES ('0735712123', 9193232358514370246, '0735712123', 'MySQL', 'Addison-Wesley Publishing', 5332729891197398954);
INSERT INTO BOOK(ISBN, Publisher_ID, Item_Number, Book_Title, Publisher, Author_ID) VALUES ('0735712360', 1966691886563708493, '0735712360', 'The Photoshop Book for Digital Photographers', 'New Riders Publishing', 7700009657748315380);
INSERT INTO BOOK(ISBN, Publisher_ID, Item_Number, Book_Title, Publisher, Author_ID) VALUES ('0735712379', 1966691886563708493, '0735712379', 'Photoshop 7 Down & Dirty Tricks', 'New Riders Publishing', 7700009657748315380);
INSERT INTO BOOK(ISBN, Publisher_ID, Item_Number, Book_Title, Publisher, Author_ID) VALUES ('0735713170', 1966691886563708493, '0735713170', 'Mac OS X v. 10.2 Jaguar Killer Tips', 'New Riders Publishing', 7700009657748315380);
INSERT INTO BOOK(ISBN, Publisher_ID, Item_Number, Book_Title, Publisher, Author_ID) VALUES ('0738206679', 3996359639692413927, '0738206679', 'Linked: The New Science of Networks', 'Perseus Publishing', 5993050698260205210);
INSERT INTO BOOK(ISBN, Publisher_ID, Item_Number, Book_Title, Publisher, Author_ID) VALUES ('0743206061', 8495206240832616905, '0743206061', 'The Second Time Around', 'Simon & Schuster', 5311309837637607917);
INSERT INTO BOOK(ISBN, Publisher_ID, Item_Number, Book_Title, Publisher, Author_ID) VALUES ('0743222008', 8495206240832616905, '0743222008', 'The Vanished Man: A Lincoln Rhyme Novel', 'Simon & Schuster', 1199657222680287677);
INSERT INTO BOOK(ISBN, Publisher_ID, Item_Number, Book_Title, Publisher, Author_ID) VALUES ('0743244249', 5272705265443565607, '0743244249', 'Cosmopolis: A Novel', 'Scribner', 2003421058999271110);
INSERT INTO BOOK(ISBN, Publisher_ID, Item_Number, Book_Title, Publisher, Author_ID) VALUES ('0743455967', 6110701534257430403, '0743455967', 'On Writing', 'Pocket Books', 7295063340512170903);
INSERT INTO BOOK(ISBN, Publisher_ID, Item_Number, Book_Title, Publisher, Author_ID) VALUES ('0743457358', 6110701534257430403, '0743457358', 'Everything''s Eventual: 14 Dark Tales', 'Pocket Books', 6310724536242433147);
INSERT INTO BOOK(ISBN, Publisher_ID, Item_Number, Book_Title, Publisher, Author_ID) VALUES ('0743467523', 6110701534257430403, '0743467523', 'Dreamcatcher', 'Pocket Books', 6310724536242433147);
INSERT INTO BOOK(ISBN, Publisher_ID, Item_Number, Book_Title, Publisher, Author_ID) VALUES ('0782140114', 539231921500057615, '0782140114', 'Access 2002 Developer''s Handbook Set', 'Sybex', 7978128000045340372);
INSERT INTO BOOK(ISBN, Publisher_ID, Item_Number, Book_Title, Publisher, Author_ID) VALUES ('0782140661', 539231921500057615, '0782140661', 'OCP: Oracle9i Certification Kit', 'Sybex', 8489156255957034382);
INSERT INTO BOOK(ISBN, Publisher_ID, Item_Number, Book_Title, Publisher, Author_ID) VALUES ('0787960756', 967121117708144607, '0787960756', 'The Five Dysfunctions of a Team: A Leadership Fable', 'Jossey-Bass', 7582317565979428851);
INSERT INTO BOOK(ISBN, Publisher_ID, Item_Number, Book_Title, Publisher, Author_ID) VALUES ('0805317554', 9193232358514370246, '0805317554', 'Fundamentals of Database Systems ', 'Addison-Wesley Publishing', 7666432346168945650);
INSERT INTO BOOK(ISBN, Publisher_ID, Item_Number, Book_Title, Publisher, Author_ID) VALUES ('0865659982', 9179907814016787311, '0865659982', 'Composers'' Houses', 'Vendome Pr', 2355423722195055892);
INSERT INTO BOOK(ISBN, Publisher_ID, Item_Number, Book_Title, Publisher, Author_ID) VALUES ('0972263608', 5099548259226846597, '0972263608', 'Creating Documents with BusinessObjects 5.1', 'Schmidt Ink, Inc.', 104439573374896672);
INSERT INTO BOOK(ISBN, Publisher_ID, Item_Number, Book_Title, Publisher, Author_ID) VALUES ('1558605525', 3824552150815607506, '1558605525', 'Data Mining: Practical Machine Learning Tools and Techniques with Java Implementations', 'Morgan Kaufmann', 2811862936405823736);
INSERT INTO BOOK(ISBN, Publisher_ID, Item_Number, Book_Title, Publisher, Author_ID) VALUES ('1558606432', 3824552150815607506, '1558606432', 'Persuasive Technology: Using Computers to Change What We Think and Do', 'Morgan Kaufmann', 444122722195769347);
INSERT INTO BOOK(ISBN, Publisher_ID, Item_Number, Book_Title, Publisher, Author_ID) VALUES ('1561584029', 753068677432169357, '1561584029', 'The Complete Illustrated Guide to Furniture and Cabinet Construction', 'Taunton Pr', 1330226791057896986);
INSERT INTO BOOK(ISBN, Publisher_ID, Item_Number, Book_Title, Publisher, Author_ID) VALUES ('1561586196', 753068677432169357, '1561586196', 'Building a Shed', 'Taunton Pr', 1092320575885035301);
INSERT INTO BOOK(ISBN, Publisher_ID, Item_Number, Book_Title, Publisher, Author_ID) VALUES ('156158648X', 753068677432169357, '156158648X', 'The New City Home: Smart Solutions for Metro Living', 'Taunton Pr', 5666918287339602594);
INSERT INTO BOOK(ISBN, Publisher_ID, Item_Number, Book_Title, Publisher, Author_ID) VALUES ('1565924916', 8369597569974290116, '1565924916', 'Ldap System Administration', 'O''Reilly & Associates', 2025028061259094176);
INSERT INTO BOOK(ISBN, Publisher_ID, Item_Number, Book_Title, Publisher, Author_ID) VALUES ('1579550088', 8474730643668339008, '1579550088', 'A New Kind of Science', 'Wolfram Media, Inc.', 8971452253881083520);
INSERT INTO BOOK(ISBN, Publisher_ID, Item_Number, Book_Title, Publisher, Author_ID) VALUES ('1579902944', 2018784007558758773, '1579902944', 'Choosing & Using Hand Tools', 'Lark Books', 1330226791057896986);
INSERT INTO BOOK(ISBN, Publisher_ID, Item_Number, Book_Title, Publisher, Author_ID) VALUES ('1586851322', 4679279424737723314, '1586851322', 'Prefab', 'Gibbs Smith Publisher', 6392538330419982915);
INSERT INTO BOOK(ISBN, Publisher_ID, Item_Number, Book_Title, Publisher, Author_ID) VALUES ('1586851357', 4679279424737723314, '1586851357', 'Cabins & Camps', 'Gibbs Smith Publisher', 6536365193974555951);
INSERT INTO BOOK(ISBN, Publisher_ID, Item_Number, Book_Title, Publisher, Author_ID) VALUES ('1590520734', 4023157304220549408, '1590520734', 'The Rescuer: The O''Malley Series', 'Multnomah Publishers Inc.', 5956627315248251973);
INSERT INTO BOOK(ISBN, Publisher_ID, Item_Number, Book_Title, Publisher, Author_ID) VALUES ('1861004486', 777078161984102432, '1861004486', 'Professional SQL Server 2000 Programming', 'Wrox Press Inc', 6116693901711681152);
INSERT INTO BOOK(ISBN, Publisher_ID, Item_Number, Book_Title, Publisher, Author_ID) VALUES ('1880418568', 3398538112486147308, '1880418568', 'Wolves of the Calla ', 'Donald M. Grant Publisher, Inc.', 6310724536242433147);
